Sol_Index,Obj_DeltaW_BGA_x,Obj_DeltaW_bump_x,NetFlow_Score,NetFlow_Rank,RadViz_X,RadViz_Y,Obj_DeltaW_BGA_y,Obj_DeltaW_bump_y,Bulk silicon thickness,Bump solder height,Cu-pillar pitch–diameter,Lid foot width,"Substrate core (E, CTE)",Substrate core thickness,"UF (E, CTE)",lid thickness,BGA solder material,Cu-pillar bump solder material
45,0.004073570016771555,0.04989640787243843,94.875,1,-0.6497553167431609,1.01018378401292e-16,0.004073570016771555,0.04989640787243843,0.25,0.06,0.125,9.0,6e-06,1.2,2e-05,1.0,SAC205,SAC105
116,0.004073570016771555,0.04989640787243843,94.875,2,-0.6497553167431609,1.01018378401292e-16,0.004073570016771555,0.04989640787243843,0.25,0.06,0.125,9.0,6e-06,1.2,2e-05,1.0,SAC205,SAC105
185,0.004073570016771555,0.04989640787243843,94.875,3,-0.6497553167431609,1.01018378401292e-16,0.004073570016771555,0.04989640787243843,0.25,0.06,0.125,9.0,6e-06,1.2,2e-05,1.0,SAC205,SAC105
226,0.004073570016771555,0.04989640787243843,94.875,4,-0.6497553167431609,1.01018378401292e-16,0.004073570016771555,0.04989640787243843,0.25,0.06,0.125,9.0,6e-06,1.2,2e-05,1.0,SAC205,SAC105
243,0.004073570016771555,0.04989640787243843,94.875,5,-0.6497553167431609,1.01018378401292e-16,0.004073570016771555,0.04989640787243843,0.25,0.06,0.125,9.0,6e-06,1.2,2e-05,1.0,SAC205,SAC105
456,0.004073570016771555,0.04989640787243843,94.875,6,-0.6497553167431609,1.01018378401292e-16,0.004073570016771555,0.04989640787243843,0.25,0.06,0.125,9.0,6e-06,1.2,2e-05,1.0,SAC205,SAC105
5,0.004073570016771555,0.04989640787243843,94.875,7,-0.6497553167431609,1.01018378401292e-16,0.004073570016771555,0.04989640787243843,0.25,0.06,0.125,9.0,6e-06,1.2,2e-05,1.0,SAC205,SAC105
12,0.004073570016771555,0.04989640787243843,94.875,8,-0.6497553167431609,1.01018378401292e-16,0.004073570016771555,0.04989640787243843,0.25,0.06,0.125,9.0,6e-06,1.2,2e-05,1.0,SAC205,SAC105
489,0.003654878120869398,0.054586805403232574,45.625,9,-0.3154995152746332,8.055111353304873e-17,0.003654878120869398,0.054586805403232574,0.5,0.06,0.125,9.0,6e-06,1.2,2e-05,1.5,SAC205,SAC305
44,0.003654878120869398,0.054586805403232574,45.625,10,-0.3154995152746332,8.055111353304873e-17,0.003654878120869398,0.054586805403232574,0.5,0.06,0.125,9.0,6e-06,1.2,2e-05,1.5,SAC205,SAC305
467,0.003654878120869398,0.054586805403232574,45.625,11,-0.3154995152746332,8.055111353304873e-17,0.003654878120869398,0.054586805403232574,0.5,0.06,0.125,9.0,6e-06,1.2,2e-05,1.5,SAC205,SAC305
471,0.003654878120869398,0.054586805403232574,45.625,12,-0.3154995152746332,8.055111353304873e-17,0.003654878120869398,0.054586805403232574,0.5,0.06,0.125,9.0,6e-06,1.2,2e-05,1.5,SAC205,SAC305
455,0.003654878120869398,0.054586805403232574,45.625,13,-0.3154995152746332,8.055111353304873e-17,0.003654878120869398,0.054586805403232574,0.5,0.06,0.125,9.0,6e-06,1.2,2e-05,1.5,SAC205,SAC305
109,0.003654878120869398,0.054586805403232574,45.625,14,-0.3154995152746332,8.055111353304873e-17,0.003654878120869398,0.054586805403232574,0.5,0.06,0.125,9.0,6e-06,1.2,2e-05,1.5,SAC205,SAC305
440,0.003654878120869398,0.054586805403232574,45.625,15,-0.3154995152746332,8.055111353304873e-17,0.003654878120869398,0.054586805403232574,0.5,0.06,0.125,9.0,6e-06,1.2,2e-05,1.5,SAC205,SAC305
438,0.003654878120869398,0.054586805403232574,45.625,16,-0.3154995152746332,8.055111353304873e-17,0.003654878120869398,0.054586805403232574,0.5,0.06,0.125,9.0,6e-06,1.2,2e-05,1.5,SAC205,SAC305
439,0.003654878120869398,0.054586805403232574,45.625,17,-0.3154995152746332,8.055111353304873e-17,0.003654878120869398,0.054586805403232574,0.5,0.06,0.125,9.0,6e-06,1.2,2e-05,1.5,SAC205,SAC305
54,0.003654878120869398,0.054586805403232574,45.625,18,-0.3154995152746332,8.055111353304873e-17,0.003654878120869398,0.054586805403232574,0.5,0.06,0.125,9.0,6e-06,1.2,2e-05,1.5,SAC205,SAC305
442,0.003654878120869398,0.054586805403232574,45.625,19,-0.3154995152746332,8.055111353304873e-17,0.003654878120869398,0.054586805403232574,0.5,0.06,0.125,9.0,6e-06,1.2,2e-05,1.5,SAC205,SAC305
56,0.003654878120869398,0.054586805403232574,45.625,20,-0.3154995152746332,8.055111353304873e-17,0.003654878120869398,0.054586805403232574,0.5,0.06,0.125,9.0,6e-06,1.2,2e-05,1.5,SAC205,SAC305
81,0.003654878120869398,0.054586805403232574,45.625,21,-0.3154995152746332,8.055111353304873e-17,0.003654878120869398,0.054586805403232574,0.5,0.06,0.125,9.0,6e-06,1.2,2e-05,1.5,SAC205,SAC305
151,0.003654878120869398,0.054586805403232574,45.625,22,-0.3154995152746332,8.055111353304873e-17,0.003654878120869398,0.054586805403232574,0.5,0.06,0.125,9.0,6e-06,1.2,2e-05,1.5,SAC205,SAC305
147,0.003654878120869398,0.054586805403232574,45.625,23,-0.3154995152746332,8.055111353304873e-17,0.003654878120869398,0.054586805403232574,0.5,0.06,0.125,9.0,6e-06,1.2,2e-05,1.5,SAC205,SAC305
407,0.003654878120869398,0.054586805403232574,45.625,24,-0.3154995152746332,8.055111353304873e-17,0.003654878120869398,0.054586805403232574,0.5,0.06,0.125,9.0,6e-06,1.2,2e-05,1.5,SAC205,SAC305
175,0.003654878120869398,0.054586805403232574,45.625,25,-0.3154995152746332,8.055111353304873e-17,0.003654878120869398,0.054586805403232574,0.5,0.06,0.125,9.0,6e-06,1.2,2e-05,1.5,SAC205,SAC305
183,0.003654878120869398,0.054586805403232574,45.625,26,-0.3154995152746332,8.055111353304873e-17,0.003654878120869398,0.054586805403232574,0.5,0.06,0.125,9.0,6e-06,1.2,2e-05,1.5,SAC205,SAC305
182,0.003654878120869398,0.054586805403232574,45.625,27,-0.3154995152746332,8.055111353304873e-17,0.003654878120869398,0.054586805403232574,0.5,0.06,0.125,9.0,6e-06,1.2,2e-05,1.5,SAC205,SAC305
461,0.003654878120869398,0.054586805403232574,45.625,28,-0.3154995152746332,8.055111353304873e-17,0.003654878120869398,0.054586805403232574,0.5,0.06,0.125,9.0,6e-06,1.2,2e-05,1.5,SAC205,SAC305
401,0.003654878120869398,0.054586805403232574,45.625,29,-0.3154995152746332,8.055111353304873e-17,0.003654878120869398,0.054586805403232574,0.5,0.06,0.125,9.0,6e-06,1.2,2e-05,1.5,SAC205,SAC305
180,0.003654878120869398,0.054586805403232574,45.625,30,-0.3154995152746332,8.055111353304873e-17,0.003654878120869398,0.054586805403232574,0.5,0.06,0.125,9.0,6e-06,1.2,2e-05,1.5,SAC205,SAC305
178,0.003654878120869398,0.054586805403232574,45.625,31,-0.3154995152746332,8.055111353304873e-17,0.003654878120869398,0.054586805403232574,0.5,0.06,0.125,9.0,6e-06,1.2,2e-05,1.5,SAC205,SAC305
142,0.003654878120869398,0.054586805403232574,45.625,32,-0.3154995152746332,8.055111353304873e-17,0.003654878120869398,0.054586805403232574,0.5,0.06,0.125,9.0,6e-06,1.2,2e-05,1.5,SAC205,SAC305
190,0.003654878120869398,0.054586805403232574,45.625,33,-0.3154995152746332,8.055111353304873e-17,0.003654878120869398,0.054586805403232574,0.5,0.06,0.125,9.0,6e-06,1.2,2e-05,1.5,SAC205,SAC305
443,0.003654878120869398,0.054586805403232574,45.625,34,-0.3154995152746332,8.055111353304873e-17,0.003654878120869398,0.054586805403232574,0.5,0.06,0.125,9.0,6e-06,1.2,2e-05,1.5,SAC205,SAC305
100,0.003654878120869398,0.054586805403232574,45.625,35,-0.3154995152746332,8.055111353304873e-17,0.003654878120869398,0.054586805403232574,0.5,0.06,0.125,9.0,6e-06,1.2,2e-05,1.5,SAC205,SAC305
80,0.003654878120869398,0.054586805403232574,45.625,36,-0.3154995152746332,8.055111353304873e-17,0.003654878120869398,0.054586805403232574,0.5,0.06,0.125,9.0,6e-06,1.2,2e-05,1.5,SAC205,SAC305
176,0.003654878120869398,0.054586805403232574,45.625,37,-0.3154995152746332,8.055111353304873e-17,0.003654878120869398,0.054586805403232574,0.5,0.06,0.125,9.0,6e-06,1.2,2e-05,1.5,SAC205,SAC305
288,0.003654878120869398,0.054586805403232574,45.625,38,-0.3154995152746332,8.055111353304873e-17,0.003654878120869398,0.054586805403232574,0.5,0.06,0.125,9.0,6e-06,1.2,2e-05,1.5,SAC205,SAC305
317,0.003654878120869398,0.054586805403232574,45.625,39,-0.3154995152746332,8.055111353304873e-17,0.003654878120869398,0.054586805403232574,0.5,0.06,0.125,9.0,6e-06,1.2,2e-05,1.5,SAC205,SAC305
299,0.003654878120869398,0.054586805403232574,45.625,40,-0.3154995152746332,8.055111353304873e-17,0.003654878120869398,0.054586805403232574,0.5,0.06,0.125,9.0,6e-06,1.2,2e-05,1.5,SAC205,SAC305
232,0.003654878120869398,0.054586805403232574,45.625,41,-0.3154995152746332,8.055111353304873e-17,0.003654878120869398,0.054586805403232574,0.5,0.06,0.125,9.0,6e-06,1.2,2e-05,1.5,SAC205,SAC305
249,0.003654878120869398,0.054586805403232574,45.625,42,-0.3154995152746332,8.055111353304873e-17,0.003654878120869398,0.054586805403232574,0.5,0.06,0.125,9.0,6e-06,1.2,2e-05,1.5,SAC205,SAC305
262,0.003654878120869398,0.054586805403232574,45.625,43,-0.3154995152746332,8.055111353304873e-17,0.003654878120869398,0.054586805403232574,0.5,0.06,0.125,9.0,6e-06,1.2,2e-05,1.5,SAC205,SAC305
306,0.003654878120869398,0.054586805403232574,45.625,44,-0.3154995152746332,8.055111353304873e-17,0.003654878120869398,0.054586805403232574,0.5,0.06,0.125,9.0,6e-06,1.2,2e-05,1.5,SAC205,SAC305
289,0.003654878120869398,0.054586805403232574,45.625,45,-0.3154995152746332,8.055111353304873e-17,0.003654878120869398,0.054586805403232574,0.5,0.06,0.125,9.0,6e-06,1.2,2e-05,1.5,SAC205,SAC305
344,0.003654878120869398,0.054586805403232574,45.625,46,-0.3154995152746332,8.055111353304873e-17,0.003654878120869398,0.054586805403232574,0.5,0.06,0.125,9.0,6e-06,1.2,2e-05,1.5,SAC205,SAC305
346,0.003654878120869398,0.054586805403232574,45.625,47,-0.3154995152746332,8.055111353304873e-17,0.003654878120869398,0.054586805403232574,0.5,0.06,0.125,9.0,6e-06,1.2,2e-05,1.5,SAC205,SAC305
8,0.003654878120869398,0.054586805403232574,45.625,48,-0.3154995152746332,8.055111353304873e-17,0.003654878120869398,0.054586805403232574,0.5,0.06,0.125,9.0,6e-06,1.2,2e-05,1.5,SAC205,SAC305
11,0.003654878120869398,0.054586805403232574,45.625,49,-0.3154995152746332,8.055111353304873e-17,0.003654878120869398,0.054586805403232574,0.5,0.06,0.125,9.0,6e-06,1.2,2e-05,1.5,SAC205,SAC305
382,0.003654878120869398,0.054586805403232574,45.625,50,-0.3154995152746332,8.055111353304873e-17,0.003654878120869398,0.054586805403232574,0.5,0.06,0.125,9.0,6e-06,1.2,2e-05,1.5,SAC205,SAC305
336,0.003654878120869398,0.054586805403232574,45.625,51,-0.3154995152746332,8.055111353304873e-17,0.003654878120869398,0.054586805403232574,0.5,0.06,0.125,9.0,6e-06,1.2,2e-05,1.5,SAC205,SAC305
366,0.003654878120869398,0.054586805403232574,45.625,52,-0.3154995152746332,8.055111353304873e-17,0.003654878120869398,0.054586805403232574,0.5,0.06,0.125,9.0,6e-06,1.2,2e-05,1.5,SAC205,SAC305
323,0.003654878120869398,0.054586805403232574,45.625,53,-0.3154995152746332,8.055111353304873e-17,0.003654878120869398,0.054586805403232574,0.5,0.06,0.125,9.0,6e-06,1.2,2e-05,1.5,SAC205,SAC305
225,0.003654878120869398,0.054586805403232574,45.625,54,-0.3154995152746332,8.055111353304873e-17,0.003654878120869398,0.054586805403232574,0.5,0.06,0.125,9.0,6e-06,1.2,2e-05,1.5,SAC205,SAC305
394,0.003654878120869398,0.054586805403232574,45.625,55,-0.3154995152746332,8.055111353304873e-17,0.003654878120869398,0.054586805403232574,0.5,0.06,0.125,9.0,6e-06,1.2,2e-05,1.5,SAC205,SAC305
386,0.003654878120869398,0.054586805403232574,45.625,56,-0.3154995152746332,8.055111353304873e-17,0.003654878120869398,0.054586805403232574,0.5,0.06,0.125,9.0,6e-06,1.2,2e-05,1.5,SAC205,SAC305
392,0.003654878120869398,0.054586805403232574,45.625,57,-0.3154995152746332,8.055111353304873e-17,0.003654878120869398,0.054586805403232574,0.5,0.06,0.125,9.0,6e-06,1.2,2e-05,1.5,SAC205,SAC305
195,0.003654878120869398,0.054586805403232574,45.625,58,-0.3154995152746332,8.055111353304873e-17,0.003654878120869398,0.054586805403232574,0.5,0.06,0.125,9.0,6e-06,1.2,2e-05,1.5,SAC205,SAC305
202,0.003654878120869398,0.054586805403232574,45.625,59,-0.3154995152746332,8.055111353304873e-17,0.003654878120869398,0.054586805403232574,0.5,0.06,0.125,9.0,6e-06,1.2,2e-05,1.5,SAC205,SAC305
395,0.003654878120869398,0.054586805403232574,45.625,60,-0.3154995152746332,8.055111353304873e-17,0.003654878120869398,0.054586805403232574,0.5,0.06,0.125,9.0,6e-06,1.2,2e-05,1.5,SAC205,SAC305
377,0.003654878120869398,0.054586805403232574,45.625,61,-0.3154995152746332,8.055111353304873e-17,0.003654878120869398,0.054586805403232574,0.5,0.06,0.125,9.0,6e-06,1.2,2e-05,1.5,SAC205,SAC305
204,0.003654878120869398,0.054586805403232574,45.625,62,-0.3154995152746332,8.055111353304873e-17,0.003654878120869398,0.054586805403232574,0.5,0.06,0.125,9.0,6e-06,1.2,2e-05,1.5,SAC205,SAC305
108,0.0032726440113037825,0.060212548822164536,42.75,63,-0.02147016172065998,6.254700819878678e-17,0.0032726440113037825,0.060212548822164536,0.25,0.06,0.125,9.0,6e-06,1.2,2.5e-05,1.5,SAC205,SAC305
91,0.0032726440113037825,0.060212548822164536,42.75,64,-0.02147016172065998,6.254700819878678e-17,0.0032726440113037825,0.060212548822164536,0.25,0.06,0.125,9.0,6e-06,1.2,2.5e-05,1.5,SAC205,SAC305
113,0.0032726440113037825,0.060212548822164536,42.75,65,-0.02147016172065998,6.254700819878678e-17,0.0032726440113037825,0.060212548822164536,0.25,0.06,0.125,9.0,6e-06,1.2,2.5e-05,1.5,SAC205,SAC305
426,0.0032726440113037825,0.060212548822164536,42.75,66,-0.02147016172065998,6.254700819878678e-17,0.0032726440113037825,0.060212548822164536,0.25,0.06,0.125,9.0,6e-06,1.2,2.5e-05,1.5,SAC205,SAC305
436,0.0032726440113037825,0.060212548822164536,42.75,67,-0.02147016172065998,6.254700819878678e-17,0.0032726440113037825,0.060212548822164536,0.25,0.06,0.125,9.0,6e-06,1.2,2.5e-05,1.5,SAC205,SAC305
118,0.0032726440113037825,0.060212548822164536,42.75,68,-0.02147016172065998,6.254700819878678e-17,0.0032726440113037825,0.060212548822164536,0.25,0.06,0.125,9.0,6e-06,1.2,2.5e-05,1.5,SAC205,SAC305
473,0.0032726440113037825,0.060212548822164536,42.75,69,-0.02147016172065998,6.254700819878678e-17,0.0032726440113037825,0.060212548822164536,0.25,0.06,0.125,9.0,6e-06,1.2,2.5e-05,1.5,SAC205,SAC305
7,0.0032726440113037825,0.060212548822164536,42.75,70,-0.02147016172065998,6.254700819878678e-17,0.0032726440113037825,0.060212548822164536,0.25,0.06,0.125,9.0,6e-06,1.2,2.5e-05,1.5,SAC205,SAC305
10,0.0032726440113037825,0.060212548822164536,42.75,71,-0.02147016172065998,6.254700819878678e-17,0.0032726440113037825,0.060212548822164536,0.25,0.06,0.125,9.0,6e-06,1.2,2.5e-05,1.5,SAC205,SAC305
351,0.0032726440113037825,0.060212548822164536,42.75,72,-0.02147016172065998,6.254700819878678e-17,0.0032726440113037825,0.060212548822164536,0.25,0.06,0.125,9.0,6e-06,1.2,2.5e-05,1.5,SAC205,SAC305
266,0.0032726440113037825,0.060212548822164536,42.75,73,-0.02147016172065998,6.254700819878678e-17,0.0032726440113037825,0.060212548822164536,0.25,0.06,0.125,9.0,6e-06,1.2,2.5e-05,1.5,SAC205,SAC305
233,0.0032726440113037825,0.060212548822164536,42.75,74,-0.02147016172065998,6.254700819878678e-17,0.0032726440113037825,0.060212548822164536,0.25,0.06,0.125,9.0,6e-06,1.2,2.5e-05,1.5,SAC205,SAC305
240,0.0032726440113037825,0.060212548822164536,42.75,75,-0.02147016172065998,6.254700819878678e-17,0.0032726440113037825,0.060212548822164536,0.25,0.06,0.125,9.0,6e-06,1.2,2.5e-05,1.5,SAC205,SAC305
286,0.0032726440113037825,0.060212548822164536,42.75,76,-0.02147016172065998,6.254700819878678e-17,0.0032726440113037825,0.060212548822164536,0.25,0.06,0.125,9.0,6e-06,1.2,2.5e-05,1.5,SAC205,SAC305
241,0.0032726440113037825,0.060212548822164536,42.75,77,-0.02147016172065998,6.254700819878678e-17,0.0032726440113037825,0.060212548822164536,0.25,0.06,0.125,9.0,6e-06,1.2,2.5e-05,1.5,SAC205,SAC305
213,0.0032726440113037825,0.060212548822164536,42.75,78,-0.02147016172065998,6.254700819878678e-17,0.0032726440113037825,0.060212548822164536,0.25,0.06,0.125,9.0,6e-06,1.2,2.5e-05,1.5,SAC205,SAC305
122,0.0032726440113037825,0.060212548822164536,42.75,79,-0.02147016172065998,6.254700819878678e-17,0.0032726440113037825,0.060212548822164536,0.25,0.06,0.125,9.0,6e-06,1.2,2.5e-05,1.5,SAC205,SAC305
448,0.0032726440113037825,0.060212548822164536,42.75,80,-0.02147016172065998,6.254700819878678e-17,0.0032726440113037825,0.060212548822164536,0.25,0.06,0.125,9.0,6e-06,1.2,2.5e-05,1.5,SAC205,SAC305
102,0.0032726440113037825,0.060212548822164536,42.75,81,-0.02147016172065998,6.254700819878678e-17,0.0032726440113037825,0.060212548822164536,0.25,0.06,0.125,9.0,6e-06,1.2,2.5e-05,1.5,SAC205,SAC305
171,0.0032726440113037825,0.060212548822164536,42.75,82,-0.02147016172065998,6.254700819878678e-17,0.0032726440113037825,0.060212548822164536,0.25,0.06,0.125,9.0,6e-06,1.2,2.5e-05,1.5,SAC205,SAC305
150,0.0032726440113037825,0.060212548822164536,42.75,83,-0.02147016172065998,6.254700819878678e-17,0.0032726440113037825,0.060212548822164536,0.25,0.06,0.125,9.0,6e-06,1.2,2.5e-05,1.5,SAC205,SAC305
408,0.0032726440113037825,0.060212548822164536,42.75,84,-0.02147016172065998,6.254700819878678e-17,0.0032726440113037825,0.060212548822164536,0.25,0.06,0.125,9.0,6e-06,1.2,2.5e-05,1.5,SAC205,SAC305
164,0.0032726440113037825,0.060212548822164536,42.75,85,-0.02147016172065998,6.254700819878678e-17,0.0032726440113037825,0.060212548822164536,0.25,0.06,0.125,9.0,6e-06,1.2,2.5e-05,1.5,SAC205,SAC305
434,0.0032726440113037825,0.060212548822164536,42.75,86,-0.02147016172065998,6.254700819878678e-17,0.0032726440113037825,0.060212548822164536,0.25,0.06,0.125,9.0,6e-06,1.2,2.5e-05,1.5,SAC205,SAC305
74,0.0032726440113037825,0.060212548822164536,42.75,87,-0.02147016172065998,6.254700819878678e-17,0.0032726440113037825,0.060212548822164536,0.25,0.06,0.125,9.0,6e-06,1.2,2.5e-05,1.5,SAC205,SAC305
49,0.0032726440113037825,0.060212548822164536,42.75,88,-0.02147016172065998,6.254700819878678e-17,0.0032726440113037825,0.060212548822164536,0.25,0.06,0.125,9.0,6e-06,1.2,2.5e-05,1.5,SAC205,SAC305
464,0.0032726440113037825,0.060212548822164536,42.75,89,-0.02147016172065998,6.254700819878678e-17,0.0032726440113037825,0.060212548822164536,0.25,0.06,0.125,9.0,6e-06,1.2,2.5e-05,1.5,SAC205,SAC305
47,0.0032726440113037825,0.060212548822164536,42.75,90,-0.02147016172065998,6.254700819878678e-17,0.0032726440113037825,0.060212548822164536,0.25,0.06,0.125,9.0,6e-06,1.2,2.5e-05,1.5,SAC205,SAC305
480,0.0032726440113037825,0.060212548822164536,42.75,91,-0.02147016172065998,6.254700819878678e-17,0.0032726440113037825,0.060212548822164536,0.25,0.06,0.125,9.0,6e-06,1.2,2.5e-05,1.5,SAC205,SAC305
472,0.0032726440113037825,0.060212548822164536,42.75,92,-0.02147016172065998,6.254700819878678e-17,0.0032726440113037825,0.060212548822164536,0.25,0.06,0.125,9.0,6e-06,1.2,2.5e-05,1.5,SAC205,SAC305
48,0.0032726440113037825,0.060212548822164536,42.75,93,-0.02147016172065998,6.254700819878678e-17,0.0032726440113037825,0.060212548822164536,0.25,0.06,0.125,9.0,6e-06,1.2,2.5e-05,1.5,SAC205,SAC305
70,0.0032726440113037825,0.060212548822164536,42.75,94,-0.02147016172065998,6.254700819878678e-17,0.0032726440113037825,0.060212548822164536,0.25,0.06,0.125,9.0,6e-06,1.2,2.5e-05,1.5,SAC205,SAC305
72,0.0032726440113037825,0.060212548822164536,42.75,95,-0.02147016172065998,6.254700819878678e-17,0.0032726440113037825,0.060212548822164536,0.25,0.06,0.125,9.0,6e-06,1.2,2.5e-05,1.5,SAC205,SAC305
220,0.0032726440113037825,0.060212548822164536,42.75,96,-0.02147016172065998,6.254700819878678e-17,0.0032726440113037825,0.060212548822164536,0.25,0.06,0.125,9.0,6e-06,1.2,2.5e-05,1.5,SAC205,SAC305
228,0.0032726440113037825,0.060212548822164536,42.75,97,-0.02147016172065998,6.254700819878678e-17,0.0032726440113037825,0.060212548822164536,0.25,0.06,0.125,9.0,6e-06,1.2,2.5e-05,1.5,SAC205,SAC305
372,0.0032726440113037825,0.060212548822164536,42.75,98,-0.02147016172065998,6.254700819878678e-17,0.0032726440113037825,0.060212548822164536,0.25,0.06,0.125,9.0,6e-06,1.2,2.5e-05,1.5,SAC205,SAC305
196,0.0032726440113037825,0.060212548822164536,42.75,99,-0.02147016172065998,6.254700819878678e-17,0.0032726440113037825,0.060212548822164536,0.25,0.06,0.125,9.0,6e-06,1.2,2.5e-05,1.5,SAC205,SAC305
393,0.0032726440113037825,0.060212548822164536,42.75,100,-0.02147016172065998,6.254700819878678e-17,0.0032726440113037825,0.060212548822164536,0.25,0.06,0.125,9.0,6e-06,1.2,2.5e-05,1.5,SAC205,SAC305
239,0.0032726440113037825,0.060212548822164536,42.75,101,-0.02147016172065998,6.254700819878678e-17,0.0032726440113037825,0.060212548822164536,0.25,0.06,0.125,9.0,6e-06,1.2,2.5e-05,1.5,SAC205,SAC305
14,0.0032726440113037825,0.060212548822164536,42.75,102,-0.02147016172065998,6.254700819878678e-17,0.0032726440113037825,0.060212548822164536,0.25,0.06,0.125,9.0,6e-06,1.2,2.5e-05,1.5,SAC205,SAC305
35,0.0032726440113037825,0.060212548822164536,42.75,103,-0.02147016172065998,6.254700819878678e-17,0.0032726440113037825,0.060212548822164536,0.25,0.06,0.125,9.0,6e-06,1.2,2.5e-05,1.5,SAC205,SAC305
63,0.0032726440113037825,0.060212548822164536,42.75,104,-0.02147016172065998,6.254700819878678e-17,0.0032726440113037825,0.060212548822164536,0.25,0.06,0.125,9.0,6e-06,1.2,2.5e-05,1.5,SAC205,SAC305
293,0.0032726440113037825,0.060212548822164536,42.75,105,-0.02147016172065998,6.254700819878678e-17,0.0032726440113037825,0.060212548822164536,0.25,0.06,0.125,9.0,6e-06,1.2,2.5e-05,1.5,SAC205,SAC305
316,0.0032726440113037825,0.060212548822164536,42.75,106,-0.02147016172065998,6.254700819878678e-17,0.0032726440113037825,0.060212548822164536,0.25,0.06,0.125,9.0,6e-06,1.2,2.5e-05,1.5,SAC205,SAC305
353,0.0032726440113037825,0.060212548822164536,42.75,107,-0.02147016172065998,6.254700819878678e-17,0.0032726440113037825,0.060212548822164536,0.25,0.06,0.125,9.0,6e-06,1.2,2.5e-05,1.5,SAC205,SAC305
20,0.0032726440113037825,0.060212548822164536,42.75,108,-0.02147016172065998,6.254700819878678e-17,0.0032726440113037825,0.060212548822164536,0.25,0.06,0.125,9.0,6e-06,1.2,2.5e-05,1.5,SAC205,SAC305
494,0.0032726440113037825,0.060212548822164536,42.75,109,-0.02147016172065998,6.254700819878678e-17,0.0032726440113037825,0.060212548822164536,0.25,0.06,0.125,9.0,6e-06,1.2,2.5e-05,1.5,SAC205,SAC305
387,0.0032726440113037825,0.060212548822164536,42.75,110,-0.02147016172065998,6.254700819878678e-17,0.0032726440113037825,0.060212548822164536,0.25,0.06,0.125,9.0,6e-06,1.2,2.5e-05,1.5,SAC205,SAC305
216,0.0032726440113037825,0.060212548822164536,42.75,111,-0.02147016172065998,6.254700819878678e-17,0.0032726440113037825,0.060212548822164536,0.25,0.06,0.125,9.0,6e-06,1.2,2.5e-05,1.5,SAC205,SAC305
198,0.0032726440113037825,0.060212548822164536,42.75,112,-0.02147016172065998,6.254700819878678e-17,0.0032726440113037825,0.060212548822164536,0.25,0.06,0.125,9.0,6e-06,1.2,2.5e-05,1.5,SAC205,SAC305
192,0.0032726440113037825,0.060212548822164536,42.75,113,-0.02147016172065998,6.254700819878678e-17,0.0032726440113037825,0.060212548822164536,0.25,0.06,0.125,9.0,6e-06,1.2,2.5e-05,1.5,SAC205,SAC305
350,0.0032726440113037825,0.060212548822164536,42.75,114,-0.02147016172065998,6.254700819878678e-17,0.0032726440113037825,0.060212548822164536,0.25,0.06,0.125,9.0,6e-06,1.2,2.5e-05,1.5,SAC205,SAC305
297,0.0032726440113037825,0.060212548822164536,42.75,115,-0.02147016172065998,6.254700819878678e-17,0.0032726440113037825,0.060212548822164536,0.25,0.06,0.125,9.0,6e-06,1.2,2.5e-05,1.5,SAC205,SAC305
318,0.0032726440113037825,0.060212548822164536,42.75,116,-0.02147016172065998,6.254700819878678e-17,0.0032726440113037825,0.060212548822164536,0.25,0.06,0.125,9.0,6e-06,1.2,2.5e-05,1.5,SAC205,SAC305
4,0.002934189047664404,0.07569737732410431,10.25,117,0.5804798480206225,2.5688200564967788e-17,0.002934189047664404,0.07569737732410431,0.25,0.06,0.125,9.0,6e-06,0.4,2e-05,1.0,SAC205,SAC305
167,0.002934189047664404,0.07569737732410431,10.25,118,0.5804798480206225,2.5688200564967788e-17,0.002934189047664404,0.07569737732410431,0.25,0.06,0.125,9.0,6e-06,0.4,2e-05,1.0,SAC205,SAC305
146,0.002934189047664404,0.07569737732410431,10.25,119,0.5804798480206225,2.5688200564967788e-17,0.002934189047664404,0.07569737732410431,0.25,0.06,0.125,9.0,6e-06,0.4,2e-05,1.0,SAC205,SAC305
90,0.002934189047664404,0.07569737732410431,10.25,120,0.5804798480206225,2.5688200564967788e-17,0.002934189047664404,0.07569737732410431,0.25,0.06,0.125,9.0,6e-06,0.4,2e-05,1.0,SAC205,SAC305
83,0.002934189047664404,0.07569737732410431,10.25,121,0.5804798480206225,2.5688200564967788e-17,0.002934189047664404,0.07569737732410431,0.25,0.06,0.125,9.0,6e-06,0.4,2e-05,1.0,SAC205,SAC305
468,0.002934189047664404,0.07569737732410431,10.25,122,0.5804798480206225,2.5688200564967788e-17,0.002934189047664404,0.07569737732410431,0.25,0.06,0.125,9.0,6e-06,0.4,2e-05,1.0,SAC205,SAC305
474,0.002934189047664404,0.07569737732410431,10.25,123,0.5804798480206225,2.5688200564967788e-17,0.002934189047664404,0.07569737732410431,0.25,0.06,0.125,9.0,6e-06,0.4,2e-05,1.0,SAC205,SAC305
51,0.002934189047664404,0.07569737732410431,10.25,124,0.5804798480206225,2.5688200564967788e-17,0.002934189047664404,0.07569737732410431,0.25,0.06,0.125,9.0,6e-06,0.4,2e-05,1.0,SAC205,SAC305
435,0.002934189047664404,0.07569737732410431,10.25,125,0.5804798480206225,2.5688200564967788e-17,0.002934189047664404,0.07569737732410431,0.25,0.06,0.125,9.0,6e-06,0.4,2e-05,1.0,SAC205,SAC305
269,0.002934189047664404,0.07569737732410431,10.25,126,0.5804798480206225,2.5688200564967788e-17,0.002934189047664404,0.07569737732410431,0.25,0.06,0.125,9.0,6e-06,0.4,2e-05,1.0,SAC205,SAC305
446,0.002934189047664404,0.07569737732410431,10.25,127,0.5804798480206225,2.5688200564967788e-17,0.002934189047664404,0.07569737732410431,0.25,0.06,0.125,9.0,6e-06,0.4,2e-05,1.0,SAC205,SAC305
197,0.002934189047664404,0.07569737732410431,10.25,128,0.5804798480206225,2.5688200564967788e-17,0.002934189047664404,0.07569737732410431,0.25,0.06,0.125,9.0,6e-06,0.4,2e-05,1.0,SAC205,SAC305
283,0.002934189047664404,0.07569737732410431,10.25,129,0.5804798480206225,2.5688200564967788e-17,0.002934189047664404,0.07569737732410431,0.25,0.06,0.125,9.0,6e-06,0.4,2e-05,1.0,SAC205,SAC305
315,0.002934189047664404,0.07569737732410431,10.25,130,0.5804798480206225,2.5688200564967788e-17,0.002934189047664404,0.07569737732410431,0.25,0.06,0.125,9.0,6e-06,0.4,2e-05,1.0,SAC205,SAC305
368,0.002934189047664404,0.07569737732410431,10.25,131,0.5804798480206225,2.5688200564967788e-17,0.002934189047664404,0.07569737732410431,0.25,0.06,0.125,9.0,6e-06,0.4,2e-05,1.0,SAC205,SAC305
39,0.002934189047664404,0.07569737732410431,10.25,132,0.5804798480206225,2.5688200564967788e-17,0.002934189047664404,0.07569737732410431,0.25,0.06,0.125,9.0,6e-06,0.4,2e-05,1.0,SAC205,SAC305
13,0.002934189047664404,0.07569737732410431,10.25,133,0.5804798480206225,2.5688200564967788e-17,0.002934189047664404,0.07569737732410431,0.25,0.06,0.125,9.0,6e-06,0.4,2e-05,1.0,SAC205,SAC305
2,0.0,0.08322965353727341,-11.5,134,1.0,0.0,0.0,0.08322965353727341,0.25,0.06,0.125,3.0,6e-06,0.4,2e-05,1.0,SAC205,SAC405
1,0.0,0.08322965353727341,-11.5,135,1.0,0.0,0.0,0.08322965353727341,0.25,0.06,0.125,3.0,6e-06,0.4,2e-05,1.0,SAC205,SAC405
38,0.004452115390449762,0.0,-15.5,136,-1.0,1.2246467991473532e-16,0.004452115390449762,0.0,0.25,0.06,0.125,9.0,6e-06,1.2,2e-05,1.5,SAC205,SAC305
490,0.004452115390449762,0.0,-15.5,137,-1.0,1.2246467991473532e-16,0.004452115390449762,0.0,0.25,0.06,0.125,9.0,6e-06,1.2,2e-05,1.5,SAC205,SAC305
491,0.004452115390449762,0.0,-15.5,138,-1.0,1.2246467991473532e-16,0.004452115390449762,0.0,0.25,0.06,0.125,9.0,6e-06,1.2,2e-05,1.5,SAC205,SAC305
492,0.004452115390449762,0.0,-15.5,139,-1.0,1.2246467991473532e-16,0.004452115390449762,0.0,0.25,0.06,0.125,9.0,6e-06,1.2,2e-05,1.5,SAC205,SAC305
493,0.004452115390449762,0.0,-15.5,140,-1.0,1.2246467991473532e-16,0.004452115390449762,0.0,0.25,0.06,0.125,9.0,6e-06,1.2,2e-05,1.5,SAC205,SAC305
469,0.004452115390449762,0.0,-15.5,141,-1.0,1.2246467991473532e-16,0.004452115390449762,0.0,0.25,0.06,0.125,9.0,6e-06,1.2,2e-05,1.5,SAC205,SAC305
337,0.004452115390449762,0.0,-15.5,142,-1.0,1.2246467991473532e-16,0.004452115390449762,0.0,0.25,0.06,0.125,9.0,6e-06,1.2,2e-05,1.5,SAC205,SAC305
475,0.004452115390449762,0.0,-15.5,143,-1.0,1.2246467991473532e-16,0.004452115390449762,0.0,0.25,0.06,0.125,9.0,6e-06,1.2,2e-05,1.5,SAC205,SAC305
459,0.004452115390449762,0.0,-15.5,144,-1.0,1.2246467991473532e-16,0.004452115390449762,0.0,0.25,0.06,0.125,9.0,6e-06,1.2,2e-05,1.5,SAC205,SAC305
495,0.004452115390449762,0.0,-15.5,145,-1.0,1.2246467991473532e-16,0.004452115390449762,0.0,0.25,0.06,0.125,9.0,6e-06,1.2,2e-05,1.5,SAC205,SAC305
3,0.004452115390449762,0.0,-15.5,146,-1.0,1.2246467991473532e-16,0.004452115390449762,0.0,0.25,0.06,0.125,9.0,6e-06,1.2,2e-05,1.5,SAC205,SAC305
36,0.004452115390449762,0.0,-15.5,147,-1.0,1.2246467991473532e-16,0.004452115390449762,0.0,0.25,0.06,0.125,9.0,6e-06,1.2,2e-05,1.5,SAC205,SAC305
496,0.004452115390449762,0.0,-15.5,148,-1.0,1.2246467991473532e-16,0.004452115390449762,0.0,0.25,0.06,0.125,9.0,6e-06,1.2,2e-05,1.5,SAC205,SAC305
15,0.004452115390449762,0.0,-15.5,149,-1.0,1.2246467991473532e-16,0.004452115390449762,0.0,0.25,0.06,0.125,9.0,6e-06,1.2,2e-05,1.5,SAC205,SAC305
46,0.004452115390449762,0.0,-15.5,150,-1.0,1.2246467991473532e-16,0.004452115390449762,0.0,0.25,0.06,0.125,9.0,6e-06,1.2,2e-05,1.5,SAC205,SAC305
488,0.004452115390449762,0.0,-15.5,151,-1.0,1.2246467991473532e-16,0.004452115390449762,0.0,0.25,0.06,0.125,9.0,6e-06,1.2,2e-05,1.5,SAC205,SAC305
487,0.004452115390449762,0.0,-15.5,152,-1.0,1.2246467991473532e-16,0.004452115390449762,0.0,0.25,0.06,0.125,9.0,6e-06,1.2,2e-05,1.5,SAC205,SAC305
486,0.004452115390449762,0.0,-15.5,153,-1.0,1.2246467991473532e-16,0.004452115390449762,0.0,0.25,0.06,0.125,9.0,6e-06,1.2,2e-05,1.5,SAC205,SAC305
485,0.004452115390449762,0.0,-15.5,154,-1.0,1.2246467991473532e-16,0.004452115390449762,0.0,0.25,0.06,0.125,9.0,6e-06,1.2,2e-05,1.5,SAC205,SAC305
484,0.004452115390449762,0.0,-15.5,155,-1.0,1.2246467991473532e-16,0.004452115390449762,0.0,0.25,0.06,0.125,9.0,6e-06,1.2,2e-05,1.5,SAC205,SAC305
483,0.004452115390449762,0.0,-15.5,156,-1.0,1.2246467991473532e-16,0.004452115390449762,0.0,0.25,0.06,0.125,9.0,6e-06,1.2,2e-05,1.5,SAC205,SAC305
482,0.004452115390449762,0.0,-15.5,157,-1.0,1.2246467991473532e-16,0.004452115390449762,0.0,0.25,0.06,0.125,9.0,6e-06,1.2,2e-05,1.5,SAC205,SAC305
481,0.004452115390449762,0.0,-15.5,158,-1.0,1.2246467991473532e-16,0.004452115390449762,0.0,0.25,0.06,0.125,9.0,6e-06,1.2,2e-05,1.5,SAC205,SAC305
78,0.004452115390449762,0.0,-15.5,159,-1.0,1.2246467991473532e-16,0.004452115390449762,0.0,0.25,0.06,0.125,9.0,6e-06,1.2,2e-05,1.5,SAC205,SAC305
32,0.004452115390449762,0.0,-15.5,160,-1.0,1.2246467991473532e-16,0.004452115390449762,0.0,0.25,0.06,0.125,9.0,6e-06,1.2,2e-05,1.5,SAC205,SAC305
325,0.004452115390449762,0.0,-15.5,161,-1.0,1.2246467991473532e-16,0.004452115390449762,0.0,0.25,0.06,0.125,9.0,6e-06,1.2,2e-05,1.5,SAC205,SAC305
324,0.004452115390449762,0.0,-15.5,162,-1.0,1.2246467991473532e-16,0.004452115390449762,0.0,0.25,0.06,0.125,9.0,6e-06,1.2,2e-05,1.5,SAC205,SAC305
322,0.004452115390449762,0.0,-15.5,163,-1.0,1.2246467991473532e-16,0.004452115390449762,0.0,0.25,0.06,0.125,9.0,6e-06,1.2,2e-05,1.5,SAC205,SAC305
321,0.004452115390449762,0.0,-15.5,164,-1.0,1.2246467991473532e-16,0.004452115390449762,0.0,0.25,0.06,0.125,9.0,6e-06,1.2,2e-05,1.5,SAC205,SAC305
352,0.004452115390449762,0.0,-15.5,165,-1.0,1.2246467991473532e-16,0.004452115390449762,0.0,0.25,0.06,0.125,9.0,6e-06,1.2,2e-05,1.5,SAC205,SAC305
383,0.004452115390449762,0.0,-15.5,166,-1.0,1.2246467991473532e-16,0.004452115390449762,0.0,0.25,0.06,0.125,9.0,6e-06,1.2,2e-05,1.5,SAC205,SAC305
381,0.004452115390449762,0.0,-15.5,167,-1.0,1.2246467991473532e-16,0.004452115390449762,0.0,0.25,0.06,0.125,9.0,6e-06,1.2,2e-05,1.5,SAC205,SAC305
380,0.004452115390449762,0.0,-15.5,168,-1.0,1.2246467991473532e-16,0.004452115390449762,0.0,0.25,0.06,0.125,9.0,6e-06,1.2,2e-05,1.5,SAC205,SAC305
347,0.004452115390449762,0.0,-15.5,169,-1.0,1.2246467991473532e-16,0.004452115390449762,0.0,0.25,0.06,0.125,9.0,6e-06,1.2,2e-05,1.5,SAC205,SAC305
345,0.004452115390449762,0.0,-15.5,170,-1.0,1.2246467991473532e-16,0.004452115390449762,0.0,0.25,0.06,0.125,9.0,6e-06,1.2,2e-05,1.5,SAC205,SAC305
343,0.004452115390449762,0.0,-15.5,171,-1.0,1.2246467991473532e-16,0.004452115390449762,0.0,0.25,0.06,0.125,9.0,6e-06,1.2,2e-05,1.5,SAC205,SAC305
342,0.004452115390449762,0.0,-15.5,172,-1.0,1.2246467991473532e-16,0.004452115390449762,0.0,0.25,0.06,0.125,9.0,6e-06,1.2,2e-05,1.5,SAC205,SAC305
341,0.004452115390449762,0.0,-15.5,173,-1.0,1.2246467991473532e-16,0.004452115390449762,0.0,0.25,0.06,0.125,9.0,6e-06,1.2,2e-05,1.5,SAC205,SAC305
340,0.004452115390449762,0.0,-15.5,174,-1.0,1.2246467991473532e-16,0.004452115390449762,0.0,0.25,0.06,0.125,9.0,6e-06,1.2,2e-05,1.5,SAC205,SAC305
339,0.004452115390449762,0.0,-15.5,175,-1.0,1.2246467991473532e-16,0.004452115390449762,0.0,0.25,0.06,0.125,9.0,6e-06,1.2,2e-05,1.5,SAC205,SAC305
338,0.004452115390449762,0.0,-15.5,176,-1.0,1.2246467991473532e-16,0.004452115390449762,0.0,0.25,0.06,0.125,9.0,6e-06,1.2,2e-05,1.5,SAC205,SAC305
312,0.004452115390449762,0.0,-15.5,177,-1.0,1.2246467991473532e-16,0.004452115390449762,0.0,0.25,0.06,0.125,9.0,6e-06,1.2,2e-05,1.5,SAC205,SAC305
311,0.004452115390449762,0.0,-15.5,178,-1.0,1.2246467991473532e-16,0.004452115390449762,0.0,0.25,0.06,0.125,9.0,6e-06,1.2,2e-05,1.5,SAC205,SAC305
310,0.004452115390449762,0.0,-15.5,179,-1.0,1.2246467991473532e-16,0.004452115390449762,0.0,0.25,0.06,0.125,9.0,6e-06,1.2,2e-05,1.5,SAC205,SAC305
309,0.004452115390449762,0.0,-15.5,180,-1.0,1.2246467991473532e-16,0.004452115390449762,0.0,0.25,0.06,0.125,9.0,6e-06,1.2,2e-05,1.5,SAC205,SAC305
308,0.004452115390449762,0.0,-15.5,181,-1.0,1.2246467991473532e-16,0.004452115390449762,0.0,0.25,0.06,0.125,9.0,6e-06,1.2,2e-05,1.5,SAC205,SAC305
307,0.004452115390449762,0.0,-15.5,182,-1.0,1.2246467991473532e-16,0.004452115390449762,0.0,0.25,0.06,0.125,9.0,6e-06,1.2,2e-05,1.5,SAC205,SAC305
305,0.004452115390449762,0.0,-15.5,183,-1.0,1.2246467991473532e-16,0.004452115390449762,0.0,0.25,0.06,0.125,9.0,6e-06,1.2,2e-05,1.5,SAC205,SAC305
367,0.004452115390449762,0.0,-15.5,184,-1.0,1.2246467991473532e-16,0.004452115390449762,0.0,0.25,0.06,0.125,9.0,6e-06,1.2,2e-05,1.5,SAC205,SAC305
365,0.004452115390449762,0.0,-15.5,185,-1.0,1.2246467991473532e-16,0.004452115390449762,0.0,0.25,0.06,0.125,9.0,6e-06,1.2,2e-05,1.5,SAC205,SAC305
364,0.004452115390449762,0.0,-15.5,186,-1.0,1.2246467991473532e-16,0.004452115390449762,0.0,0.25,0.06,0.125,9.0,6e-06,1.2,2e-05,1.5,SAC205,SAC305
331,0.004452115390449762,0.0,-15.5,187,-1.0,1.2246467991473532e-16,0.004452115390449762,0.0,0.25,0.06,0.125,9.0,6e-06,1.2,2e-05,1.5,SAC205,SAC305
330,0.004452115390449762,0.0,-15.5,188,-1.0,1.2246467991473532e-16,0.004452115390449762,0.0,0.25,0.06,0.125,9.0,6e-06,1.2,2e-05,1.5,SAC205,SAC305
329,0.004452115390449762,0.0,-15.5,189,-1.0,1.2246467991473532e-16,0.004452115390449762,0.0,0.25,0.06,0.125,9.0,6e-06,1.2,2e-05,1.5,SAC205,SAC305
328,0.004452115390449762,0.0,-15.5,190,-1.0,1.2246467991473532e-16,0.004452115390449762,0.0,0.25,0.06,0.125,9.0,6e-06,1.2,2e-05,1.5,SAC205,SAC305
327,0.004452115390449762,0.0,-15.5,191,-1.0,1.2246467991473532e-16,0.004452115390449762,0.0,0.25,0.06,0.125,9.0,6e-06,1.2,2e-05,1.5,SAC205,SAC305
326,0.004452115390449762,0.0,-15.5,192,-1.0,1.2246467991473532e-16,0.004452115390449762,0.0,0.25,0.06,0.125,9.0,6e-06,1.2,2e-05,1.5,SAC205,SAC305
414,0.004452115390449762,0.0,-15.5,193,-1.0,1.2246467991473532e-16,0.004452115390449762,0.0,0.25,0.06,0.125,9.0,6e-06,1.2,2e-05,1.5,SAC205,SAC305
413,0.004452115390449762,0.0,-15.5,194,-1.0,1.2246467991473532e-16,0.004452115390449762,0.0,0.25,0.06,0.125,9.0,6e-06,1.2,2e-05,1.5,SAC205,SAC305
412,0.004452115390449762,0.0,-15.5,195,-1.0,1.2246467991473532e-16,0.004452115390449762,0.0,0.25,0.06,0.125,9.0,6e-06,1.2,2e-05,1.5,SAC205,SAC305
379,0.004452115390449762,0.0,-15.5,196,-1.0,1.2246467991473532e-16,0.004452115390449762,0.0,0.25,0.06,0.125,9.0,6e-06,1.2,2e-05,1.5,SAC205,SAC305
298,0.004452115390449762,0.0,-15.5,197,-1.0,1.2246467991473532e-16,0.004452115390449762,0.0,0.25,0.06,0.125,9.0,6e-06,1.2,2e-05,1.5,SAC205,SAC305
296,0.004452115390449762,0.0,-15.5,198,-1.0,1.2246467991473532e-16,0.004452115390449762,0.0,0.25,0.06,0.125,9.0,6e-06,1.2,2e-05,1.5,SAC205,SAC305
295,0.004452115390449762,0.0,-15.5,199,-1.0,1.2246467991473532e-16,0.004452115390449762,0.0,0.25,0.06,0.125,9.0,6e-06,1.2,2e-05,1.5,SAC205,SAC305
294,0.004452115390449762,0.0,-15.5,200,-1.0,1.2246467991473532e-16,0.004452115390449762,0.0,0.25,0.06,0.125,9.0,6e-06,1.2,2e-05,1.5,SAC205,SAC305
292,0.004452115390449762,0.0,-15.5,201,-1.0,1.2246467991473532e-16,0.004452115390449762,0.0,0.25,0.06,0.125,9.0,6e-06,1.2,2e-05,1.5,SAC205,SAC305
291,0.004452115390449762,0.0,-15.5,202,-1.0,1.2246467991473532e-16,0.004452115390449762,0.0,0.25,0.06,0.125,9.0,6e-06,1.2,2e-05,1.5,SAC205,SAC305
290,0.004452115390449762,0.0,-15.5,203,-1.0,1.2246467991473532e-16,0.004452115390449762,0.0,0.25,0.06,0.125,9.0,6e-06,1.2,2e-05,1.5,SAC205,SAC305
320,0.004452115390449762,0.0,-15.5,204,-1.0,1.2246467991473532e-16,0.004452115390449762,0.0,0.25,0.06,0.125,9.0,6e-06,1.2,2e-05,1.5,SAC205,SAC305
349,0.004452115390449762,0.0,-15.5,205,-1.0,1.2246467991473532e-16,0.004452115390449762,0.0,0.25,0.06,0.125,9.0,6e-06,1.2,2e-05,1.5,SAC205,SAC305
348,0.004452115390449762,0.0,-15.5,206,-1.0,1.2246467991473532e-16,0.004452115390449762,0.0,0.25,0.06,0.125,9.0,6e-06,1.2,2e-05,1.5,SAC205,SAC305
314,0.004452115390449762,0.0,-15.5,207,-1.0,1.2246467991473532e-16,0.004452115390449762,0.0,0.25,0.06,0.125,9.0,6e-06,1.2,2e-05,1.5,SAC205,SAC305
313,0.004452115390449762,0.0,-15.5,208,-1.0,1.2246467991473532e-16,0.004452115390449762,0.0,0.25,0.06,0.125,9.0,6e-06,1.2,2e-05,1.5,SAC205,SAC305
304,0.004452115390449762,0.0,-15.5,209,-1.0,1.2246467991473532e-16,0.004452115390449762,0.0,0.25,0.06,0.125,9.0,6e-06,1.2,2e-05,1.5,SAC205,SAC305
335,0.004452115390449762,0.0,-15.5,210,-1.0,1.2246467991473532e-16,0.004452115390449762,0.0,0.25,0.06,0.125,9.0,6e-06,1.2,2e-05,1.5,SAC205,SAC305
334,0.004452115390449762,0.0,-15.5,211,-1.0,1.2246467991473532e-16,0.004452115390449762,0.0,0.25,0.06,0.125,9.0,6e-06,1.2,2e-05,1.5,SAC205,SAC305
333,0.004452115390449762,0.0,-15.5,212,-1.0,1.2246467991473532e-16,0.004452115390449762,0.0,0.25,0.06,0.125,9.0,6e-06,1.2,2e-05,1.5,SAC205,SAC305
332,0.004452115390449762,0.0,-15.5,213,-1.0,1.2246467991473532e-16,0.004452115390449762,0.0,0.25,0.06,0.125,9.0,6e-06,1.2,2e-05,1.5,SAC205,SAC305
362,0.004452115390449762,0.0,-15.5,214,-1.0,1.2246467991473532e-16,0.004452115390449762,0.0,0.25,0.06,0.125,9.0,6e-06,1.2,2e-05,1.5,SAC205,SAC305
361,0.004452115390449762,0.0,-15.5,215,-1.0,1.2246467991473532e-16,0.004452115390449762,0.0,0.25,0.06,0.125,9.0,6e-06,1.2,2e-05,1.5,SAC205,SAC305
360,0.004452115390449762,0.0,-15.5,216,-1.0,1.2246467991473532e-16,0.004452115390449762,0.0,0.25,0.06,0.125,9.0,6e-06,1.2,2e-05,1.5,SAC205,SAC305
359,0.004452115390449762,0.0,-15.5,217,-1.0,1.2246467991473532e-16,0.004452115390449762,0.0,0.25,0.06,0.125,9.0,6e-06,1.2,2e-05,1.5,SAC205,SAC305
358,0.004452115390449762,0.0,-15.5,218,-1.0,1.2246467991473532e-16,0.004452115390449762,0.0,0.25,0.06,0.125,9.0,6e-06,1.2,2e-05,1.5,SAC205,SAC305
357,0.004452115390449762,0.0,-15.5,219,-1.0,1.2246467991473532e-16,0.004452115390449762,0.0,0.25,0.06,0.125,9.0,6e-06,1.2,2e-05,1.5,SAC205,SAC305
356,0.004452115390449762,0.0,-15.5,220,-1.0,1.2246467991473532e-16,0.004452115390449762,0.0,0.25,0.06,0.125,9.0,6e-06,1.2,2e-05,1.5,SAC205,SAC305
355,0.004452115390449762,0.0,-15.5,221,-1.0,1.2246467991473532e-16,0.004452115390449762,0.0,0.25,0.06,0.125,9.0,6e-06,1.2,2e-05,1.5,SAC205,SAC305
354,0.004452115390449762,0.0,-15.5,222,-1.0,1.2246467991473532e-16,0.004452115390449762,0.0,0.25,0.06,0.125,9.0,6e-06,1.2,2e-05,1.5,SAC205,SAC305
384,0.004452115390449762,0.0,-15.5,223,-1.0,1.2246467991473532e-16,0.004452115390449762,0.0,0.25,0.06,0.125,9.0,6e-06,1.2,2e-05,1.5,SAC205,SAC305
415,0.004452115390449762,0.0,-15.5,224,-1.0,1.2246467991473532e-16,0.004452115390449762,0.0,0.25,0.06,0.125,9.0,6e-06,1.2,2e-05,1.5,SAC205,SAC305
261,0.004452115390449762,0.0,-15.5,225,-1.0,1.2246467991473532e-16,0.004452115390449762,0.0,0.25,0.06,0.125,9.0,6e-06,1.2,2e-05,1.5,SAC205,SAC305
260,0.004452115390449762,0.0,-15.5,226,-1.0,1.2246467991473532e-16,0.004452115390449762,0.0,0.25,0.06,0.125,9.0,6e-06,1.2,2e-05,1.5,SAC205,SAC305
259,0.004452115390449762,0.0,-15.5,227,-1.0,1.2246467991473532e-16,0.004452115390449762,0.0,0.25,0.06,0.125,9.0,6e-06,1.2,2e-05,1.5,SAC205,SAC305
258,0.004452115390449762,0.0,-15.5,228,-1.0,1.2246467991473532e-16,0.004452115390449762,0.0,0.25,0.06,0.125,9.0,6e-06,1.2,2e-05,1.5,SAC205,SAC305
257,0.004452115390449762,0.0,-15.5,229,-1.0,1.2246467991473532e-16,0.004452115390449762,0.0,0.25,0.06,0.125,9.0,6e-06,1.2,2e-05,1.5,SAC205,SAC305
319,0.004452115390449762,0.0,-15.5,230,-1.0,1.2246467991473532e-16,0.004452115390449762,0.0,0.25,0.06,0.125,9.0,6e-06,1.2,2e-05,1.5,SAC205,SAC305
282,0.004452115390449762,0.0,-15.5,231,-1.0,1.2246467991473532e-16,0.004452115390449762,0.0,0.25,0.06,0.125,9.0,6e-06,1.2,2e-05,1.5,SAC205,SAC305
281,0.004452115390449762,0.0,-15.5,232,-1.0,1.2246467991473532e-16,0.004452115390449762,0.0,0.25,0.06,0.125,9.0,6e-06,1.2,2e-05,1.5,SAC205,SAC305
280,0.004452115390449762,0.0,-15.5,233,-1.0,1.2246467991473532e-16,0.004452115390449762,0.0,0.25,0.06,0.125,9.0,6e-06,1.2,2e-05,1.5,SAC205,SAC305
279,0.004452115390449762,0.0,-15.5,234,-1.0,1.2246467991473532e-16,0.004452115390449762,0.0,0.25,0.06,0.125,9.0,6e-06,1.2,2e-05,1.5,SAC205,SAC305
278,0.004452115390449762,0.0,-15.5,235,-1.0,1.2246467991473532e-16,0.004452115390449762,0.0,0.25,0.06,0.125,9.0,6e-06,1.2,2e-05,1.5,SAC205,SAC305
277,0.004452115390449762,0.0,-15.5,236,-1.0,1.2246467991473532e-16,0.004452115390449762,0.0,0.25,0.06,0.125,9.0,6e-06,1.2,2e-05,1.5,SAC205,SAC305
276,0.004452115390449762,0.0,-15.5,237,-1.0,1.2246467991473532e-16,0.004452115390449762,0.0,0.25,0.06,0.125,9.0,6e-06,1.2,2e-05,1.5,SAC205,SAC305
275,0.004452115390449762,0.0,-15.5,238,-1.0,1.2246467991473532e-16,0.004452115390449762,0.0,0.25,0.06,0.125,9.0,6e-06,1.2,2e-05,1.5,SAC205,SAC305
274,0.004452115390449762,0.0,-15.5,239,-1.0,1.2246467991473532e-16,0.004452115390449762,0.0,0.25,0.06,0.125,9.0,6e-06,1.2,2e-05,1.5,SAC205,SAC305
273,0.004452115390449762,0.0,-15.5,240,-1.0,1.2246467991473532e-16,0.004452115390449762,0.0,0.25,0.06,0.125,9.0,6e-06,1.2,2e-05,1.5,SAC205,SAC305
250,0.004452115390449762,0.0,-15.5,241,-1.0,1.2246467991473532e-16,0.004452115390449762,0.0,0.25,0.06,0.125,9.0,6e-06,1.2,2e-05,1.5,SAC205,SAC305
248,0.004452115390449762,0.0,-15.5,242,-1.0,1.2246467991473532e-16,0.004452115390449762,0.0,0.25,0.06,0.125,9.0,6e-06,1.2,2e-05,1.5,SAC205,SAC305
247,0.004452115390449762,0.0,-15.5,243,-1.0,1.2246467991473532e-16,0.004452115390449762,0.0,0.25,0.06,0.125,9.0,6e-06,1.2,2e-05,1.5,SAC205,SAC305
246,0.004452115390449762,0.0,-15.5,244,-1.0,1.2246467991473532e-16,0.004452115390449762,0.0,0.25,0.06,0.125,9.0,6e-06,1.2,2e-05,1.5,SAC205,SAC305
245,0.004452115390449762,0.0,-15.5,245,-1.0,1.2246467991473532e-16,0.004452115390449762,0.0,0.25,0.06,0.125,9.0,6e-06,1.2,2e-05,1.5,SAC205,SAC305
244,0.004452115390449762,0.0,-15.5,246,-1.0,1.2246467991473532e-16,0.004452115390449762,0.0,0.25,0.06,0.125,9.0,6e-06,1.2,2e-05,1.5,SAC205,SAC305
242,0.004452115390449762,0.0,-15.5,247,-1.0,1.2246467991473532e-16,0.004452115390449762,0.0,0.25,0.06,0.125,9.0,6e-06,1.2,2e-05,1.5,SAC205,SAC305
272,0.004452115390449762,0.0,-15.5,248,-1.0,1.2246467991473532e-16,0.004452115390449762,0.0,0.25,0.06,0.125,9.0,6e-06,1.2,2e-05,1.5,SAC205,SAC305
303,0.004452115390449762,0.0,-15.5,249,-1.0,1.2246467991473532e-16,0.004452115390449762,0.0,0.25,0.06,0.125,9.0,6e-06,1.2,2e-05,1.5,SAC205,SAC305
302,0.004452115390449762,0.0,-15.5,250,-1.0,1.2246467991473532e-16,0.004452115390449762,0.0,0.25,0.06,0.125,9.0,6e-06,1.2,2e-05,1.5,SAC205,SAC305
301,0.004452115390449762,0.0,-15.5,251,-1.0,1.2246467991473532e-16,0.004452115390449762,0.0,0.25,0.06,0.125,9.0,6e-06,1.2,2e-05,1.5,SAC205,SAC305
300,0.004452115390449762,0.0,-15.5,252,-1.0,1.2246467991473532e-16,0.004452115390449762,0.0,0.25,0.06,0.125,9.0,6e-06,1.2,2e-05,1.5,SAC205,SAC305
267,0.004452115390449762,0.0,-15.5,253,-1.0,1.2246467991473532e-16,0.004452115390449762,0.0,0.25,0.06,0.125,9.0,6e-06,1.2,2e-05,1.5,SAC205,SAC305
265,0.004452115390449762,0.0,-15.5,254,-1.0,1.2246467991473532e-16,0.004452115390449762,0.0,0.25,0.06,0.125,9.0,6e-06,1.2,2e-05,1.5,SAC205,SAC305
264,0.004452115390449762,0.0,-15.5,255,-1.0,1.2246467991473532e-16,0.004452115390449762,0.0,0.25,0.06,0.125,9.0,6e-06,1.2,2e-05,1.5,SAC205,SAC305
263,0.004452115390449762,0.0,-15.5,256,-1.0,1.2246467991473532e-16,0.004452115390449762,0.0,0.25,0.06,0.125,9.0,6e-06,1.2,2e-05,1.5,SAC205,SAC305
284,0.004452115390449762,0.0,-15.5,257,-1.0,1.2246467991473532e-16,0.004452115390449762,0.0,0.25,0.06,0.125,9.0,6e-06,1.2,2e-05,1.5,SAC205,SAC305
252,0.004452115390449762,0.0,-15.5,258,-1.0,1.2246467991473532e-16,0.004452115390449762,0.0,0.25,0.06,0.125,9.0,6e-06,1.2,2e-05,1.5,SAC205,SAC305
378,0.004452115390449762,0.0,-15.5,259,-1.0,1.2246467991473532e-16,0.004452115390449762,0.0,0.25,0.06,0.125,9.0,6e-06,1.2,2e-05,1.5,SAC205,SAC305
376,0.004452115390449762,0.0,-15.5,260,-1.0,1.2246467991473532e-16,0.004452115390449762,0.0,0.25,0.06,0.125,9.0,6e-06,1.2,2e-05,1.5,SAC205,SAC305
375,0.004452115390449762,0.0,-15.5,261,-1.0,1.2246467991473532e-16,0.004452115390449762,0.0,0.25,0.06,0.125,9.0,6e-06,1.2,2e-05,1.5,SAC205,SAC305
374,0.004452115390449762,0.0,-15.5,262,-1.0,1.2246467991473532e-16,0.004452115390449762,0.0,0.25,0.06,0.125,9.0,6e-06,1.2,2e-05,1.5,SAC205,SAC305
373,0.004452115390449762,0.0,-15.5,263,-1.0,1.2246467991473532e-16,0.004452115390449762,0.0,0.25,0.06,0.125,9.0,6e-06,1.2,2e-05,1.5,SAC205,SAC305
371,0.004452115390449762,0.0,-15.5,264,-1.0,1.2246467991473532e-16,0.004452115390449762,0.0,0.25,0.06,0.125,9.0,6e-06,1.2,2e-05,1.5,SAC205,SAC305
370,0.004452115390449762,0.0,-15.5,265,-1.0,1.2246467991473532e-16,0.004452115390449762,0.0,0.25,0.06,0.125,9.0,6e-06,1.2,2e-05,1.5,SAC205,SAC305
369,0.004452115390449762,0.0,-15.5,266,-1.0,1.2246467991473532e-16,0.004452115390449762,0.0,0.25,0.06,0.125,9.0,6e-06,1.2,2e-05,1.5,SAC205,SAC305
400,0.004452115390449762,0.0,-15.5,267,-1.0,1.2246467991473532e-16,0.004452115390449762,0.0,0.25,0.06,0.125,9.0,6e-06,1.2,2e-05,1.5,SAC205,SAC305
431,0.004452115390449762,0.0,-15.5,268,-1.0,1.2246467991473532e-16,0.004452115390449762,0.0,0.25,0.06,0.125,9.0,6e-06,1.2,2e-05,1.5,SAC205,SAC305
430,0.004452115390449762,0.0,-15.5,269,-1.0,1.2246467991473532e-16,0.004452115390449762,0.0,0.25,0.06,0.125,9.0,6e-06,1.2,2e-05,1.5,SAC205,SAC305
429,0.004452115390449762,0.0,-15.5,270,-1.0,1.2246467991473532e-16,0.004452115390449762,0.0,0.25,0.06,0.125,9.0,6e-06,1.2,2e-05,1.5,SAC205,SAC305
428,0.004452115390449762,0.0,-15.5,271,-1.0,1.2246467991473532e-16,0.004452115390449762,0.0,0.25,0.06,0.125,9.0,6e-06,1.2,2e-05,1.5,SAC205,SAC305
251,0.004452115390449762,0.0,-15.5,272,-1.0,1.2246467991473532e-16,0.004452115390449762,0.0,0.25,0.06,0.125,9.0,6e-06,1.2,2e-05,1.5,SAC205,SAC305
210,0.004452115390449762,0.0,-15.5,273,-1.0,1.2246467991473532e-16,0.004452115390449762,0.0,0.25,0.06,0.125,9.0,6e-06,1.2,2e-05,1.5,SAC205,SAC305
209,0.004452115390449762,0.0,-15.5,274,-1.0,1.2246467991473532e-16,0.004452115390449762,0.0,0.25,0.06,0.125,9.0,6e-06,1.2,2e-05,1.5,SAC205,SAC305
208,0.004452115390449762,0.0,-15.5,275,-1.0,1.2246467991473532e-16,0.004452115390449762,0.0,0.25,0.06,0.125,9.0,6e-06,1.2,2e-05,1.5,SAC205,SAC305
271,0.004452115390449762,0.0,-15.5,276,-1.0,1.2246467991473532e-16,0.004452115390449762,0.0,0.25,0.06,0.125,9.0,6e-06,1.2,2e-05,1.5,SAC205,SAC305
270,0.004452115390449762,0.0,-15.5,277,-1.0,1.2246467991473532e-16,0.004452115390449762,0.0,0.25,0.06,0.125,9.0,6e-06,1.2,2e-05,1.5,SAC205,SAC305
236,0.004452115390449762,0.0,-15.5,278,-1.0,1.2246467991473532e-16,0.004452115390449762,0.0,0.25,0.06,0.125,9.0,6e-06,1.2,2e-05,1.5,SAC205,SAC305
235,0.004452115390449762,0.0,-15.5,279,-1.0,1.2246467991473532e-16,0.004452115390449762,0.0,0.25,0.06,0.125,9.0,6e-06,1.2,2e-05,1.5,SAC205,SAC305
234,0.004452115390449762,0.0,-15.5,280,-1.0,1.2246467991473532e-16,0.004452115390449762,0.0,0.25,0.06,0.125,9.0,6e-06,1.2,2e-05,1.5,SAC205,SAC305
231,0.004452115390449762,0.0,-15.5,281,-1.0,1.2246467991473532e-16,0.004452115390449762,0.0,0.25,0.06,0.125,9.0,6e-06,1.2,2e-05,1.5,SAC205,SAC305
230,0.004452115390449762,0.0,-15.5,282,-1.0,1.2246467991473532e-16,0.004452115390449762,0.0,0.25,0.06,0.125,9.0,6e-06,1.2,2e-05,1.5,SAC205,SAC305
229,0.004452115390449762,0.0,-15.5,283,-1.0,1.2246467991473532e-16,0.004452115390449762,0.0,0.25,0.06,0.125,9.0,6e-06,1.2,2e-05,1.5,SAC205,SAC305
227,0.004452115390449762,0.0,-15.5,284,-1.0,1.2246467991473532e-16,0.004452115390449762,0.0,0.25,0.06,0.125,9.0,6e-06,1.2,2e-05,1.5,SAC205,SAC305
224,0.004452115390449762,0.0,-15.5,285,-1.0,1.2246467991473532e-16,0.004452115390449762,0.0,0.25,0.06,0.125,9.0,6e-06,1.2,2e-05,1.5,SAC205,SAC305
256,0.004452115390449762,0.0,-15.5,286,-1.0,1.2246467991473532e-16,0.004452115390449762,0.0,0.25,0.06,0.125,9.0,6e-06,1.2,2e-05,1.5,SAC205,SAC305
287,0.004452115390449762,0.0,-15.5,287,-1.0,1.2246467991473532e-16,0.004452115390449762,0.0,0.25,0.06,0.125,9.0,6e-06,1.2,2e-05,1.5,SAC205,SAC305
285,0.004452115390449762,0.0,-15.5,288,-1.0,1.2246467991473532e-16,0.004452115390449762,0.0,0.25,0.06,0.125,9.0,6e-06,1.2,2e-05,1.5,SAC205,SAC305
218,0.004452115390449762,0.0,-15.5,289,-1.0,1.2246467991473532e-16,0.004452115390449762,0.0,0.25,0.06,0.125,9.0,6e-06,1.2,2e-05,1.5,SAC205,SAC305
391,0.004452115390449762,0.0,-15.5,290,-1.0,1.2246467991473532e-16,0.004452115390449762,0.0,0.25,0.06,0.125,9.0,6e-06,1.2,2e-05,1.5,SAC205,SAC305
390,0.004452115390449762,0.0,-15.5,291,-1.0,1.2246467991473532e-16,0.004452115390449762,0.0,0.25,0.06,0.125,9.0,6e-06,1.2,2e-05,1.5,SAC205,SAC305
389,0.004452115390449762,0.0,-15.5,292,-1.0,1.2246467991473532e-16,0.004452115390449762,0.0,0.25,0.06,0.125,9.0,6e-06,1.2,2e-05,1.5,SAC205,SAC305
388,0.004452115390449762,0.0,-15.5,293,-1.0,1.2246467991473532e-16,0.004452115390449762,0.0,0.25,0.06,0.125,9.0,6e-06,1.2,2e-05,1.5,SAC205,SAC305
385,0.004452115390449762,0.0,-15.5,294,-1.0,1.2246467991473532e-16,0.004452115390449762,0.0,0.25,0.06,0.125,9.0,6e-06,1.2,2e-05,1.5,SAC205,SAC305
416,0.004452115390449762,0.0,-15.5,295,-1.0,1.2246467991473532e-16,0.004452115390449762,0.0,0.25,0.06,0.125,9.0,6e-06,1.2,2e-05,1.5,SAC205,SAC305
447,0.004452115390449762,0.0,-15.5,296,-1.0,1.2246467991473532e-16,0.004452115390449762,0.0,0.25,0.06,0.125,9.0,6e-06,1.2,2e-05,1.5,SAC205,SAC305
445,0.004452115390449762,0.0,-15.5,297,-1.0,1.2246467991473532e-16,0.004452115390449762,0.0,0.25,0.06,0.125,9.0,6e-06,1.2,2e-05,1.5,SAC205,SAC305
444,0.004452115390449762,0.0,-15.5,298,-1.0,1.2246467991473532e-16,0.004452115390449762,0.0,0.25,0.06,0.125,9.0,6e-06,1.2,2e-05,1.5,SAC205,SAC305
411,0.004452115390449762,0.0,-15.5,299,-1.0,1.2246467991473532e-16,0.004452115390449762,0.0,0.25,0.06,0.125,9.0,6e-06,1.2,2e-05,1.5,SAC205,SAC305
217,0.004452115390449762,0.0,-15.5,300,-1.0,1.2246467991473532e-16,0.004452115390449762,0.0,0.25,0.06,0.125,9.0,6e-06,1.2,2e-05,1.5,SAC205,SAC305
215,0.004452115390449762,0.0,-15.5,301,-1.0,1.2246467991473532e-16,0.004452115390449762,0.0,0.25,0.06,0.125,9.0,6e-06,1.2,2e-05,1.5,SAC205,SAC305
214,0.004452115390449762,0.0,-15.5,302,-1.0,1.2246467991473532e-16,0.004452115390449762,0.0,0.25,0.06,0.125,9.0,6e-06,1.2,2e-05,1.5,SAC205,SAC305
212,0.004452115390449762,0.0,-15.5,303,-1.0,1.2246467991473532e-16,0.004452115390449762,0.0,0.25,0.06,0.125,9.0,6e-06,1.2,2e-05,1.5,SAC205,SAC305
211,0.004452115390449762,0.0,-15.5,304,-1.0,1.2246467991473532e-16,0.004452115390449762,0.0,0.25,0.06,0.125,9.0,6e-06,1.2,2e-05,1.5,SAC205,SAC305
181,0.004452115390449762,0.0,-15.5,305,-1.0,1.2246467991473532e-16,0.004452115390449762,0.0,0.25,0.06,0.125,9.0,6e-06,1.2,2e-05,1.5,SAC205,SAC305
179,0.004452115390449762,0.0,-15.5,306,-1.0,1.2246467991473532e-16,0.004452115390449762,0.0,0.25,0.06,0.125,9.0,6e-06,1.2,2e-05,1.5,SAC205,SAC305
177,0.004452115390449762,0.0,-15.5,307,-1.0,1.2246467991473532e-16,0.004452115390449762,0.0,0.25,0.06,0.125,9.0,6e-06,1.2,2e-05,1.5,SAC205,SAC305
207,0.004452115390449762,0.0,-15.5,308,-1.0,1.2246467991473532e-16,0.004452115390449762,0.0,0.25,0.06,0.125,9.0,6e-06,1.2,2e-05,1.5,SAC205,SAC305
238,0.004452115390449762,0.0,-15.5,309,-1.0,1.2246467991473532e-16,0.004452115390449762,0.0,0.25,0.06,0.125,9.0,6e-06,1.2,2e-05,1.5,SAC205,SAC305
237,0.004452115390449762,0.0,-15.5,310,-1.0,1.2246467991473532e-16,0.004452115390449762,0.0,0.25,0.06,0.125,9.0,6e-06,1.2,2e-05,1.5,SAC205,SAC305
203,0.004452115390449762,0.0,-15.5,311,-1.0,1.2246467991473532e-16,0.004452115390449762,0.0,0.25,0.06,0.125,9.0,6e-06,1.2,2e-05,1.5,SAC205,SAC305
201,0.004452115390449762,0.0,-15.5,312,-1.0,1.2246467991473532e-16,0.004452115390449762,0.0,0.25,0.06,0.125,9.0,6e-06,1.2,2e-05,1.5,SAC205,SAC305
200,0.004452115390449762,0.0,-15.5,313,-1.0,1.2246467991473532e-16,0.004452115390449762,0.0,0.25,0.06,0.125,9.0,6e-06,1.2,2e-05,1.5,SAC205,SAC305
199,0.004452115390449762,0.0,-15.5,314,-1.0,1.2246467991473532e-16,0.004452115390449762,0.0,0.25,0.06,0.125,9.0,6e-06,1.2,2e-05,1.5,SAC205,SAC305
194,0.004452115390449762,0.0,-15.5,315,-1.0,1.2246467991473532e-16,0.004452115390449762,0.0,0.25,0.06,0.125,9.0,6e-06,1.2,2e-05,1.5,SAC205,SAC305
193,0.004452115390449762,0.0,-15.5,316,-1.0,1.2246467991473532e-16,0.004452115390449762,0.0,0.25,0.06,0.125,9.0,6e-06,1.2,2e-05,1.5,SAC205,SAC305
255,0.004452115390449762,0.0,-15.5,317,-1.0,1.2246467991473532e-16,0.004452115390449762,0.0,0.25,0.06,0.125,9.0,6e-06,1.2,2e-05,1.5,SAC205,SAC305
254,0.004452115390449762,0.0,-15.5,318,-1.0,1.2246467991473532e-16,0.004452115390449762,0.0,0.25,0.06,0.125,9.0,6e-06,1.2,2e-05,1.5,SAC205,SAC305
253,0.004452115390449762,0.0,-15.5,319,-1.0,1.2246467991473532e-16,0.004452115390449762,0.0,0.25,0.06,0.125,9.0,6e-06,1.2,2e-05,1.5,SAC205,SAC305
219,0.004452115390449762,0.0,-15.5,320,-1.0,1.2246467991473532e-16,0.004452115390449762,0.0,0.25,0.06,0.125,9.0,6e-06,1.2,2e-05,1.5,SAC205,SAC305
427,0.004452115390449762,0.0,-15.5,321,-1.0,1.2246467991473532e-16,0.004452115390449762,0.0,0.25,0.06,0.125,9.0,6e-06,1.2,2e-05,1.5,SAC205,SAC305
168,0.004452115390449762,0.0,-15.5,322,-1.0,1.2246467991473532e-16,0.004452115390449762,0.0,0.25,0.06,0.125,9.0,6e-06,1.2,2e-05,1.5,SAC205,SAC305
166,0.004452115390449762,0.0,-15.5,323,-1.0,1.2246467991473532e-16,0.004452115390449762,0.0,0.25,0.06,0.125,9.0,6e-06,1.2,2e-05,1.5,SAC205,SAC305
165,0.004452115390449762,0.0,-15.5,324,-1.0,1.2246467991473532e-16,0.004452115390449762,0.0,0.25,0.06,0.125,9.0,6e-06,1.2,2e-05,1.5,SAC205,SAC305
163,0.004452115390449762,0.0,-15.5,325,-1.0,1.2246467991473532e-16,0.004452115390449762,0.0,0.25,0.06,0.125,9.0,6e-06,1.2,2e-05,1.5,SAC205,SAC305
162,0.004452115390449762,0.0,-15.5,326,-1.0,1.2246467991473532e-16,0.004452115390449762,0.0,0.25,0.06,0.125,9.0,6e-06,1.2,2e-05,1.5,SAC205,SAC305
161,0.004452115390449762,0.0,-15.5,327,-1.0,1.2246467991473532e-16,0.004452115390449762,0.0,0.25,0.06,0.125,9.0,6e-06,1.2,2e-05,1.5,SAC205,SAC305
160,0.004452115390449762,0.0,-15.5,328,-1.0,1.2246467991473532e-16,0.004452115390449762,0.0,0.25,0.06,0.125,9.0,6e-06,1.2,2e-05,1.5,SAC205,SAC305
191,0.004452115390449762,0.0,-15.5,329,-1.0,1.2246467991473532e-16,0.004452115390449762,0.0,0.25,0.06,0.125,9.0,6e-06,1.2,2e-05,1.5,SAC205,SAC305
223,0.004452115390449762,0.0,-15.5,330,-1.0,1.2246467991473532e-16,0.004452115390449762,0.0,0.25,0.06,0.125,9.0,6e-06,1.2,2e-05,1.5,SAC205,SAC305
222,0.004452115390449762,0.0,-15.5,331,-1.0,1.2246467991473532e-16,0.004452115390449762,0.0,0.25,0.06,0.125,9.0,6e-06,1.2,2e-05,1.5,SAC205,SAC305
221,0.004452115390449762,0.0,-15.5,332,-1.0,1.2246467991473532e-16,0.004452115390449762,0.0,0.25,0.06,0.125,9.0,6e-06,1.2,2e-05,1.5,SAC205,SAC305
188,0.004452115390449762,0.0,-15.5,333,-1.0,1.2246467991473532e-16,0.004452115390449762,0.0,0.25,0.06,0.125,9.0,6e-06,1.2,2e-05,1.5,SAC205,SAC305
187,0.004452115390449762,0.0,-15.5,334,-1.0,1.2246467991473532e-16,0.004452115390449762,0.0,0.25,0.06,0.125,9.0,6e-06,1.2,2e-05,1.5,SAC205,SAC305
186,0.004452115390449762,0.0,-15.5,335,-1.0,1.2246467991473532e-16,0.004452115390449762,0.0,0.25,0.06,0.125,9.0,6e-06,1.2,2e-05,1.5,SAC205,SAC305
184,0.004452115390449762,0.0,-15.5,336,-1.0,1.2246467991473532e-16,0.004452115390449762,0.0,0.25,0.06,0.125,9.0,6e-06,1.2,2e-05,1.5,SAC205,SAC305
206,0.004452115390449762,0.0,-15.5,337,-1.0,1.2246467991473532e-16,0.004452115390449762,0.0,0.25,0.06,0.125,9.0,6e-06,1.2,2e-05,1.5,SAC205,SAC305
205,0.004452115390449762,0.0,-15.5,338,-1.0,1.2246467991473532e-16,0.004452115390449762,0.0,0.25,0.06,0.125,9.0,6e-06,1.2,2e-05,1.5,SAC205,SAC305
172,0.004452115390449762,0.0,-15.5,339,-1.0,1.2246467991473532e-16,0.004452115390449762,0.0,0.25,0.06,0.125,9.0,6e-06,1.2,2e-05,1.5,SAC205,SAC305
170,0.004452115390449762,0.0,-15.5,340,-1.0,1.2246467991473532e-16,0.004452115390449762,0.0,0.25,0.06,0.125,9.0,6e-06,1.2,2e-05,1.5,SAC205,SAC305
169,0.004452115390449762,0.0,-15.5,341,-1.0,1.2246467991473532e-16,0.004452115390449762,0.0,0.25,0.06,0.125,9.0,6e-06,1.2,2e-05,1.5,SAC205,SAC305
410,0.004452115390449762,0.0,-15.5,342,-1.0,1.2246467991473532e-16,0.004452115390449762,0.0,0.25,0.06,0.125,9.0,6e-06,1.2,2e-05,1.5,SAC205,SAC305
409,0.004452115390449762,0.0,-15.5,343,-1.0,1.2246467991473532e-16,0.004452115390449762,0.0,0.25,0.06,0.125,9.0,6e-06,1.2,2e-05,1.5,SAC205,SAC305
406,0.004452115390449762,0.0,-15.5,344,-1.0,1.2246467991473532e-16,0.004452115390449762,0.0,0.25,0.06,0.125,9.0,6e-06,1.2,2e-05,1.5,SAC205,SAC305
405,0.004452115390449762,0.0,-15.5,345,-1.0,1.2246467991473532e-16,0.004452115390449762,0.0,0.25,0.06,0.125,9.0,6e-06,1.2,2e-05,1.5,SAC205,SAC305
404,0.004452115390449762,0.0,-15.5,346,-1.0,1.2246467991473532e-16,0.004452115390449762,0.0,0.25,0.06,0.125,9.0,6e-06,1.2,2e-05,1.5,SAC205,SAC305
403,0.004452115390449762,0.0,-15.5,347,-1.0,1.2246467991473532e-16,0.004452115390449762,0.0,0.25,0.06,0.125,9.0,6e-06,1.2,2e-05,1.5,SAC205,SAC305
402,0.004452115390449762,0.0,-15.5,348,-1.0,1.2246467991473532e-16,0.004452115390449762,0.0,0.25,0.06,0.125,9.0,6e-06,1.2,2e-05,1.5,SAC205,SAC305
432,0.004452115390449762,0.0,-15.5,349,-1.0,1.2246467991473532e-16,0.004452115390449762,0.0,0.25,0.06,0.125,9.0,6e-06,1.2,2e-05,1.5,SAC205,SAC305
463,0.004452115390449762,0.0,-15.5,350,-1.0,1.2246467991473532e-16,0.004452115390449762,0.0,0.25,0.06,0.125,9.0,6e-06,1.2,2e-05,1.5,SAC205,SAC305
462,0.004452115390449762,0.0,-15.5,351,-1.0,1.2246467991473532e-16,0.004452115390449762,0.0,0.25,0.06,0.125,9.0,6e-06,1.2,2e-05,1.5,SAC205,SAC305
460,0.004452115390449762,0.0,-15.5,352,-1.0,1.2246467991473532e-16,0.004452115390449762,0.0,0.25,0.06,0.125,9.0,6e-06,1.2,2e-05,1.5,SAC205,SAC305
132,0.004452115390449762,0.0,-15.5,353,-1.0,1.2246467991473532e-16,0.004452115390449762,0.0,0.25,0.06,0.125,9.0,6e-06,1.2,2e-05,1.5,SAC205,SAC305
131,0.004452115390449762,0.0,-15.5,354,-1.0,1.2246467991473532e-16,0.004452115390449762,0.0,0.25,0.06,0.125,9.0,6e-06,1.2,2e-05,1.5,SAC205,SAC305
130,0.004452115390449762,0.0,-15.5,355,-1.0,1.2246467991473532e-16,0.004452115390449762,0.0,0.25,0.06,0.125,9.0,6e-06,1.2,2e-05,1.5,SAC205,SAC305
129,0.004452115390449762,0.0,-15.5,356,-1.0,1.2246467991473532e-16,0.004452115390449762,0.0,0.25,0.06,0.125,9.0,6e-06,1.2,2e-05,1.5,SAC205,SAC305
128,0.004452115390449762,0.0,-15.5,357,-1.0,1.2246467991473532e-16,0.004452115390449762,0.0,0.25,0.06,0.125,9.0,6e-06,1.2,2e-05,1.5,SAC205,SAC305
159,0.004452115390449762,0.0,-15.5,358,-1.0,1.2246467991473532e-16,0.004452115390449762,0.0,0.25,0.06,0.125,9.0,6e-06,1.2,2e-05,1.5,SAC205,SAC305
189,0.004452115390449762,0.0,-15.5,359,-1.0,1.2246467991473532e-16,0.004452115390449762,0.0,0.25,0.06,0.125,9.0,6e-06,1.2,2e-05,1.5,SAC205,SAC305
156,0.004452115390449762,0.0,-15.5,360,-1.0,1.2246467991473532e-16,0.004452115390449762,0.0,0.25,0.06,0.125,9.0,6e-06,1.2,2e-05,1.5,SAC205,SAC305
155,0.004452115390449762,0.0,-15.5,361,-1.0,1.2246467991473532e-16,0.004452115390449762,0.0,0.25,0.06,0.125,9.0,6e-06,1.2,2e-05,1.5,SAC205,SAC305
154,0.004452115390449762,0.0,-15.5,362,-1.0,1.2246467991473532e-16,0.004452115390449762,0.0,0.25,0.06,0.125,9.0,6e-06,1.2,2e-05,1.5,SAC205,SAC305
153,0.004452115390449762,0.0,-15.5,363,-1.0,1.2246467991473532e-16,0.004452115390449762,0.0,0.25,0.06,0.125,9.0,6e-06,1.2,2e-05,1.5,SAC205,SAC305
152,0.004452115390449762,0.0,-15.5,364,-1.0,1.2246467991473532e-16,0.004452115390449762,0.0,0.25,0.06,0.125,9.0,6e-06,1.2,2e-05,1.5,SAC205,SAC305
149,0.004452115390449762,0.0,-15.5,365,-1.0,1.2246467991473532e-16,0.004452115390449762,0.0,0.25,0.06,0.125,9.0,6e-06,1.2,2e-05,1.5,SAC205,SAC305
148,0.004452115390449762,0.0,-15.5,366,-1.0,1.2246467991473532e-16,0.004452115390449762,0.0,0.25,0.06,0.125,9.0,6e-06,1.2,2e-05,1.5,SAC205,SAC305
145,0.004452115390449762,0.0,-15.5,367,-1.0,1.2246467991473532e-16,0.004452115390449762,0.0,0.25,0.06,0.125,9.0,6e-06,1.2,2e-05,1.5,SAC205,SAC305
144,0.004452115390449762,0.0,-15.5,368,-1.0,1.2246467991473532e-16,0.004452115390449762,0.0,0.25,0.06,0.125,9.0,6e-06,1.2,2e-05,1.5,SAC205,SAC305
119,0.004452115390449762,0.0,-15.5,369,-1.0,1.2246467991473532e-16,0.004452115390449762,0.0,0.25,0.06,0.125,9.0,6e-06,1.2,2e-05,1.5,SAC205,SAC305
117,0.004452115390449762,0.0,-15.5,370,-1.0,1.2246467991473532e-16,0.004452115390449762,0.0,0.25,0.06,0.125,9.0,6e-06,1.2,2e-05,1.5,SAC205,SAC305
115,0.004452115390449762,0.0,-15.5,371,-1.0,1.2246467991473532e-16,0.004452115390449762,0.0,0.25,0.06,0.125,9.0,6e-06,1.2,2e-05,1.5,SAC205,SAC305
114,0.004452115390449762,0.0,-15.5,372,-1.0,1.2246467991473532e-16,0.004452115390449762,0.0,0.25,0.06,0.125,9.0,6e-06,1.2,2e-05,1.5,SAC205,SAC305
112,0.004452115390449762,0.0,-15.5,373,-1.0,1.2246467991473532e-16,0.004452115390449762,0.0,0.25,0.06,0.125,9.0,6e-06,1.2,2e-05,1.5,SAC205,SAC305
143,0.004452115390449762,0.0,-15.5,374,-1.0,1.2246467991473532e-16,0.004452115390449762,0.0,0.25,0.06,0.125,9.0,6e-06,1.2,2e-05,1.5,SAC205,SAC305
174,0.004452115390449762,0.0,-15.5,375,-1.0,1.2246467991473532e-16,0.004452115390449762,0.0,0.25,0.06,0.125,9.0,6e-06,1.2,2e-05,1.5,SAC205,SAC305
173,0.004452115390449762,0.0,-15.5,376,-1.0,1.2246467991473532e-16,0.004452115390449762,0.0,0.25,0.06,0.125,9.0,6e-06,1.2,2e-05,1.5,SAC205,SAC305
140,0.004452115390449762,0.0,-15.5,377,-1.0,1.2246467991473532e-16,0.004452115390449762,0.0,0.25,0.06,0.125,9.0,6e-06,1.2,2e-05,1.5,SAC205,SAC305
139,0.004452115390449762,0.0,-15.5,378,-1.0,1.2246467991473532e-16,0.004452115390449762,0.0,0.25,0.06,0.125,9.0,6e-06,1.2,2e-05,1.5,SAC205,SAC305
138,0.004452115390449762,0.0,-15.5,379,-1.0,1.2246467991473532e-16,0.004452115390449762,0.0,0.25,0.06,0.125,9.0,6e-06,1.2,2e-05,1.5,SAC205,SAC305
137,0.004452115390449762,0.0,-15.5,380,-1.0,1.2246467991473532e-16,0.004452115390449762,0.0,0.25,0.06,0.125,9.0,6e-06,1.2,2e-05,1.5,SAC205,SAC305
136,0.004452115390449762,0.0,-15.5,381,-1.0,1.2246467991473532e-16,0.004452115390449762,0.0,0.25,0.06,0.125,9.0,6e-06,1.2,2e-05,1.5,SAC205,SAC305
135,0.004452115390449762,0.0,-15.5,382,-1.0,1.2246467991473532e-16,0.004452115390449762,0.0,0.25,0.06,0.125,9.0,6e-06,1.2,2e-05,1.5,SAC205,SAC305
134,0.004452115390449762,0.0,-15.5,383,-1.0,1.2246467991473532e-16,0.004452115390449762,0.0,0.25,0.06,0.125,9.0,6e-06,1.2,2e-05,1.5,SAC205,SAC305
133,0.004452115390449762,0.0,-15.5,384,-1.0,1.2246467991473532e-16,0.004452115390449762,0.0,0.25,0.06,0.125,9.0,6e-06,1.2,2e-05,1.5,SAC205,SAC305
477,0.004452115390449762,0.0,-15.5,385,-1.0,1.2246467991473532e-16,0.004452115390449762,0.0,0.25,0.06,0.125,9.0,6e-06,1.2,2e-05,1.5,SAC205,SAC305
476,0.004452115390449762,0.0,-15.5,386,-1.0,1.2246467991473532e-16,0.004452115390449762,0.0,0.25,0.06,0.125,9.0,6e-06,1.2,2e-05,1.5,SAC205,SAC305
103,0.004452115390449762,0.0,-15.5,387,-1.0,1.2246467991473532e-16,0.004452115390449762,0.0,0.25,0.06,0.125,9.0,6e-06,1.2,2e-05,1.5,SAC205,SAC305
101,0.004452115390449762,0.0,-15.5,388,-1.0,1.2246467991473532e-16,0.004452115390449762,0.0,0.25,0.06,0.125,9.0,6e-06,1.2,2e-05,1.5,SAC205,SAC305
99,0.004452115390449762,0.0,-15.5,389,-1.0,1.2246467991473532e-16,0.004452115390449762,0.0,0.25,0.06,0.125,9.0,6e-06,1.2,2e-05,1.5,SAC205,SAC305
98,0.004452115390449762,0.0,-15.5,390,-1.0,1.2246467991473532e-16,0.004452115390449762,0.0,0.25,0.06,0.125,9.0,6e-06,1.2,2e-05,1.5,SAC205,SAC305
97,0.004452115390449762,0.0,-15.5,391,-1.0,1.2246467991473532e-16,0.004452115390449762,0.0,0.25,0.06,0.125,9.0,6e-06,1.2,2e-05,1.5,SAC205,SAC305
96,0.004452115390449762,0.0,-15.5,392,-1.0,1.2246467991473532e-16,0.004452115390449762,0.0,0.25,0.06,0.125,9.0,6e-06,1.2,2e-05,1.5,SAC205,SAC305
127,0.004452115390449762,0.0,-15.5,393,-1.0,1.2246467991473532e-16,0.004452115390449762,0.0,0.25,0.06,0.125,9.0,6e-06,1.2,2e-05,1.5,SAC205,SAC305
126,0.004452115390449762,0.0,-15.5,394,-1.0,1.2246467991473532e-16,0.004452115390449762,0.0,0.25,0.06,0.125,9.0,6e-06,1.2,2e-05,1.5,SAC205,SAC305
158,0.004452115390449762,0.0,-15.5,395,-1.0,1.2246467991473532e-16,0.004452115390449762,0.0,0.25,0.06,0.125,9.0,6e-06,1.2,2e-05,1.5,SAC205,SAC305
157,0.004452115390449762,0.0,-15.5,396,-1.0,1.2246467991473532e-16,0.004452115390449762,0.0,0.25,0.06,0.125,9.0,6e-06,1.2,2e-05,1.5,SAC205,SAC305
124,0.004452115390449762,0.0,-15.5,397,-1.0,1.2246467991473532e-16,0.004452115390449762,0.0,0.25,0.06,0.125,9.0,6e-06,1.2,2e-05,1.5,SAC205,SAC305
123,0.004452115390449762,0.0,-15.5,398,-1.0,1.2246467991473532e-16,0.004452115390449762,0.0,0.25,0.06,0.125,9.0,6e-06,1.2,2e-05,1.5,SAC205,SAC305
121,0.004452115390449762,0.0,-15.5,399,-1.0,1.2246467991473532e-16,0.004452115390449762,0.0,0.25,0.06,0.125,9.0,6e-06,1.2,2e-05,1.5,SAC205,SAC305
120,0.004452115390449762,0.0,-15.5,400,-1.0,1.2246467991473532e-16,0.004452115390449762,0.0,0.25,0.06,0.125,9.0,6e-06,1.2,2e-05,1.5,SAC205,SAC305
141,0.004452115390449762,0.0,-15.5,401,-1.0,1.2246467991473532e-16,0.004452115390449762,0.0,0.25,0.06,0.125,9.0,6e-06,1.2,2e-05,1.5,SAC205,SAC305
107,0.004452115390449762,0.0,-15.5,402,-1.0,1.2246467991473532e-16,0.004452115390449762,0.0,0.25,0.06,0.125,9.0,6e-06,1.2,2e-05,1.5,SAC205,SAC305
106,0.004452115390449762,0.0,-15.5,403,-1.0,1.2246467991473532e-16,0.004452115390449762,0.0,0.25,0.06,0.125,9.0,6e-06,1.2,2e-05,1.5,SAC205,SAC305
105,0.004452115390449762,0.0,-15.5,404,-1.0,1.2246467991473532e-16,0.004452115390449762,0.0,0.25,0.06,0.125,9.0,6e-06,1.2,2e-05,1.5,SAC205,SAC305
104,0.004452115390449762,0.0,-15.5,405,-1.0,1.2246467991473532e-16,0.004452115390449762,0.0,0.25,0.06,0.125,9.0,6e-06,1.2,2e-05,1.5,SAC205,SAC305
425,0.004452115390449762,0.0,-15.5,406,-1.0,1.2246467991473532e-16,0.004452115390449762,0.0,0.25,0.06,0.125,9.0,6e-06,1.2,2e-05,1.5,SAC205,SAC305
424,0.004452115390449762,0.0,-15.5,407,-1.0,1.2246467991473532e-16,0.004452115390449762,0.0,0.25,0.06,0.125,9.0,6e-06,1.2,2e-05,1.5,SAC205,SAC305
423,0.004452115390449762,0.0,-15.5,408,-1.0,1.2246467991473532e-16,0.004452115390449762,0.0,0.25,0.06,0.125,9.0,6e-06,1.2,2e-05,1.5,SAC205,SAC305
422,0.004452115390449762,0.0,-15.5,409,-1.0,1.2246467991473532e-16,0.004452115390449762,0.0,0.25,0.06,0.125,9.0,6e-06,1.2,2e-05,1.5,SAC205,SAC305
421,0.004452115390449762,0.0,-15.5,410,-1.0,1.2246467991473532e-16,0.004452115390449762,0.0,0.25,0.06,0.125,9.0,6e-06,1.2,2e-05,1.5,SAC205,SAC305
420,0.004452115390449762,0.0,-15.5,411,-1.0,1.2246467991473532e-16,0.004452115390449762,0.0,0.25,0.06,0.125,9.0,6e-06,1.2,2e-05,1.5,SAC205,SAC305
419,0.004452115390449762,0.0,-15.5,412,-1.0,1.2246467991473532e-16,0.004452115390449762,0.0,0.25,0.06,0.125,9.0,6e-06,1.2,2e-05,1.5,SAC205,SAC305
418,0.004452115390449762,0.0,-15.5,413,-1.0,1.2246467991473532e-16,0.004452115390449762,0.0,0.25,0.06,0.125,9.0,6e-06,1.2,2e-05,1.5,SAC205,SAC305
417,0.004452115390449762,0.0,-15.5,414,-1.0,1.2246467991473532e-16,0.004452115390449762,0.0,0.25,0.06,0.125,9.0,6e-06,1.2,2e-05,1.5,SAC205,SAC305
479,0.004452115390449762,0.0,-15.5,415,-1.0,1.2246467991473532e-16,0.004452115390449762,0.0,0.25,0.06,0.125,9.0,6e-06,1.2,2e-05,1.5,SAC205,SAC305
478,0.004452115390449762,0.0,-15.5,416,-1.0,1.2246467991473532e-16,0.004452115390449762,0.0,0.25,0.06,0.125,9.0,6e-06,1.2,2e-05,1.5,SAC205,SAC305
67,0.004452115390449762,0.0,-15.5,417,-1.0,1.2246467991473532e-16,0.004452115390449762,0.0,0.25,0.06,0.125,9.0,6e-06,1.2,2e-05,1.5,SAC205,SAC305
66,0.004452115390449762,0.0,-15.5,418,-1.0,1.2246467991473532e-16,0.004452115390449762,0.0,0.25,0.06,0.125,9.0,6e-06,1.2,2e-05,1.5,SAC205,SAC305
65,0.004452115390449762,0.0,-15.5,419,-1.0,1.2246467991473532e-16,0.004452115390449762,0.0,0.25,0.06,0.125,9.0,6e-06,1.2,2e-05,1.5,SAC205,SAC305
64,0.004452115390449762,0.0,-15.5,420,-1.0,1.2246467991473532e-16,0.004452115390449762,0.0,0.25,0.06,0.125,9.0,6e-06,1.2,2e-05,1.5,SAC205,SAC305
95,0.004452115390449762,0.0,-15.5,421,-1.0,1.2246467991473532e-16,0.004452115390449762,0.0,0.25,0.06,0.125,9.0,6e-06,1.2,2e-05,1.5,SAC205,SAC305
125,0.004452115390449762,0.0,-15.5,422,-1.0,1.2246467991473532e-16,0.004452115390449762,0.0,0.25,0.06,0.125,9.0,6e-06,1.2,2e-05,1.5,SAC205,SAC305
93,0.004452115390449762,0.0,-15.5,423,-1.0,1.2246467991473532e-16,0.004452115390449762,0.0,0.25,0.06,0.125,9.0,6e-06,1.2,2e-05,1.5,SAC205,SAC305
92,0.004452115390449762,0.0,-15.5,424,-1.0,1.2246467991473532e-16,0.004452115390449762,0.0,0.25,0.06,0.125,9.0,6e-06,1.2,2e-05,1.5,SAC205,SAC305
89,0.004452115390449762,0.0,-15.5,425,-1.0,1.2246467991473532e-16,0.004452115390449762,0.0,0.25,0.06,0.125,9.0,6e-06,1.2,2e-05,1.5,SAC205,SAC305
88,0.004452115390449762,0.0,-15.5,426,-1.0,1.2246467991473532e-16,0.004452115390449762,0.0,0.25,0.06,0.125,9.0,6e-06,1.2,2e-05,1.5,SAC205,SAC305
87,0.004452115390449762,0.0,-15.5,427,-1.0,1.2246467991473532e-16,0.004452115390449762,0.0,0.25,0.06,0.125,9.0,6e-06,1.2,2e-05,1.5,SAC205,SAC305
85,0.004452115390449762,0.0,-15.5,428,-1.0,1.2246467991473532e-16,0.004452115390449762,0.0,0.25,0.06,0.125,9.0,6e-06,1.2,2e-05,1.5,SAC205,SAC305
84,0.004452115390449762,0.0,-15.5,429,-1.0,1.2246467991473532e-16,0.004452115390449762,0.0,0.25,0.06,0.125,9.0,6e-06,1.2,2e-05,1.5,SAC205,SAC305
82,0.004452115390449762,0.0,-15.5,430,-1.0,1.2246467991473532e-16,0.004452115390449762,0.0,0.25,0.06,0.125,9.0,6e-06,1.2,2e-05,1.5,SAC205,SAC305
111,0.004452115390449762,0.0,-15.5,431,-1.0,1.2246467991473532e-16,0.004452115390449762,0.0,0.25,0.06,0.125,9.0,6e-06,1.2,2e-05,1.5,SAC205,SAC305
110,0.004452115390449762,0.0,-15.5,432,-1.0,1.2246467991473532e-16,0.004452115390449762,0.0,0.25,0.06,0.125,9.0,6e-06,1.2,2e-05,1.5,SAC205,SAC305
77,0.004452115390449762,0.0,-15.5,433,-1.0,1.2246467991473532e-16,0.004452115390449762,0.0,0.25,0.06,0.125,9.0,6e-06,1.2,2e-05,1.5,SAC205,SAC305
76,0.004452115390449762,0.0,-15.5,434,-1.0,1.2246467991473532e-16,0.004452115390449762,0.0,0.25,0.06,0.125,9.0,6e-06,1.2,2e-05,1.5,SAC205,SAC305
75,0.004452115390449762,0.0,-15.5,435,-1.0,1.2246467991473532e-16,0.004452115390449762,0.0,0.25,0.06,0.125,9.0,6e-06,1.2,2e-05,1.5,SAC205,SAC305
73,0.004452115390449762,0.0,-15.5,436,-1.0,1.2246467991473532e-16,0.004452115390449762,0.0,0.25,0.06,0.125,9.0,6e-06,1.2,2e-05,1.5,SAC205,SAC305
441,0.004452115390449762,0.0,-15.5,437,-1.0,1.2246467991473532e-16,0.004452115390449762,0.0,0.25,0.06,0.125,9.0,6e-06,1.2,2e-05,1.5,SAC205,SAC305
437,0.004452115390449762,0.0,-15.5,438,-1.0,1.2246467991473532e-16,0.004452115390449762,0.0,0.25,0.06,0.125,9.0,6e-06,1.2,2e-05,1.5,SAC205,SAC305
433,0.004452115390449762,0.0,-15.5,439,-1.0,1.2246467991473532e-16,0.004452115390449762,0.0,0.25,0.06,0.125,9.0,6e-06,1.2,2e-05,1.5,SAC205,SAC305
17,0.004452115390449762,0.0,-15.5,440,-1.0,1.2246467991473532e-16,0.004452115390449762,0.0,0.25,0.06,0.125,9.0,6e-06,1.2,2e-05,1.5,SAC205,SAC305
16,0.004452115390449762,0.0,-15.5,441,-1.0,1.2246467991473532e-16,0.004452115390449762,0.0,0.25,0.06,0.125,9.0,6e-06,1.2,2e-05,1.5,SAC205,SAC305
497,0.004452115390449762,0.0,-15.5,442,-1.0,1.2246467991473532e-16,0.004452115390449762,0.0,0.25,0.06,0.125,9.0,6e-06,1.2,2e-05,1.5,SAC205,SAC305
498,0.004452115390449762,0.0,-15.5,443,-1.0,1.2246467991473532e-16,0.004452115390449762,0.0,0.25,0.06,0.125,9.0,6e-06,1.2,2e-05,1.5,SAC205,SAC305
499,0.004452115390449762,0.0,-15.5,444,-1.0,1.2246467991473532e-16,0.004452115390449762,0.0,0.25,0.06,0.125,9.0,6e-06,1.2,2e-05,1.5,SAC205,SAC305
0,0.004452115390449762,0.0,-15.5,445,-1.0,1.2246467991473532e-16,0.004452115390449762,0.0,0.25,0.06,0.125,9.0,6e-06,1.2,2e-05,1.5,SAC205,SAC305
71,0.004452115390449762,0.0,-15.5,446,-1.0,1.2246467991473532e-16,0.004452115390449762,0.0,0.25,0.06,0.125,9.0,6e-06,1.2,2e-05,1.5,SAC205,SAC305
69,0.004452115390449762,0.0,-15.5,447,-1.0,1.2246467991473532e-16,0.004452115390449762,0.0,0.25,0.06,0.125,9.0,6e-06,1.2,2e-05,1.5,SAC205,SAC305
68,0.004452115390449762,0.0,-15.5,448,-1.0,1.2246467991473532e-16,0.004452115390449762,0.0,0.25,0.06,0.125,9.0,6e-06,1.2,2e-05,1.5,SAC205,SAC305
466,0.004452115390449762,0.0,-15.5,449,-1.0,1.2246467991473532e-16,0.004452115390449762,0.0,0.25,0.06,0.125,9.0,6e-06,1.2,2e-05,1.5,SAC205,SAC305
465,0.004452115390449762,0.0,-15.5,450,-1.0,1.2246467991473532e-16,0.004452115390449762,0.0,0.25,0.06,0.125,9.0,6e-06,1.2,2e-05,1.5,SAC205,SAC305
31,0.004452115390449762,0.0,-15.5,451,-1.0,1.2246467991473532e-16,0.004452115390449762,0.0,0.25,0.06,0.125,9.0,6e-06,1.2,2e-05,1.5,SAC205,SAC305
30,0.004452115390449762,0.0,-15.5,452,-1.0,1.2246467991473532e-16,0.004452115390449762,0.0,0.25,0.06,0.125,9.0,6e-06,1.2,2e-05,1.5,SAC205,SAC305
29,0.004452115390449762,0.0,-15.5,453,-1.0,1.2246467991473532e-16,0.004452115390449762,0.0,0.25,0.06,0.125,9.0,6e-06,1.2,2e-05,1.5,SAC205,SAC305
94,0.004452115390449762,0.0,-15.5,454,-1.0,1.2246467991473532e-16,0.004452115390449762,0.0,0.25,0.06,0.125,9.0,6e-06,1.2,2e-05,1.5,SAC205,SAC305
61,0.004452115390449762,0.0,-15.5,455,-1.0,1.2246467991473532e-16,0.004452115390449762,0.0,0.25,0.06,0.125,9.0,6e-06,1.2,2e-05,1.5,SAC205,SAC305
60,0.004452115390449762,0.0,-15.5,456,-1.0,1.2246467991473532e-16,0.004452115390449762,0.0,0.25,0.06,0.125,9.0,6e-06,1.2,2e-05,1.5,SAC205,SAC305
59,0.004452115390449762,0.0,-15.5,457,-1.0,1.2246467991473532e-16,0.004452115390449762,0.0,0.25,0.06,0.125,9.0,6e-06,1.2,2e-05,1.5,SAC205,SAC305
58,0.004452115390449762,0.0,-15.5,458,-1.0,1.2246467991473532e-16,0.004452115390449762,0.0,0.25,0.06,0.125,9.0,6e-06,1.2,2e-05,1.5,SAC205,SAC305
57,0.004452115390449762,0.0,-15.5,459,-1.0,1.2246467991473532e-16,0.004452115390449762,0.0,0.25,0.06,0.125,9.0,6e-06,1.2,2e-05,1.5,SAC205,SAC305
55,0.004452115390449762,0.0,-15.5,460,-1.0,1.2246467991473532e-16,0.004452115390449762,0.0,0.25,0.06,0.125,9.0,6e-06,1.2,2e-05,1.5,SAC205,SAC305
53,0.004452115390449762,0.0,-15.5,461,-1.0,1.2246467991473532e-16,0.004452115390449762,0.0,0.25,0.06,0.125,9.0,6e-06,1.2,2e-05,1.5,SAC205,SAC305
52,0.004452115390449762,0.0,-15.5,462,-1.0,1.2246467991473532e-16,0.004452115390449762,0.0,0.25,0.06,0.125,9.0,6e-06,1.2,2e-05,1.5,SAC205,SAC305
50,0.004452115390449762,0.0,-15.5,463,-1.0,1.2246467991473532e-16,0.004452115390449762,0.0,0.25,0.06,0.125,9.0,6e-06,1.2,2e-05,1.5,SAC205,SAC305
79,0.004452115390449762,0.0,-15.5,464,-1.0,1.2246467991473532e-16,0.004452115390449762,0.0,0.25,0.06,0.125,9.0,6e-06,1.2,2e-05,1.5,SAC205,SAC305
62,0.004452115390449762,0.0,-15.5,465,-1.0,1.2246467991473532e-16,0.004452115390449762,0.0,0.25,0.06,0.125,9.0,6e-06,1.2,2e-05,1.5,SAC205,SAC305
399,0.004452115390449762,0.0,-15.5,466,-1.0,1.2246467991473532e-16,0.004452115390449762,0.0,0.25,0.06,0.125,9.0,6e-06,1.2,2e-05,1.5,SAC205,SAC305
398,0.004452115390449762,0.0,-15.5,467,-1.0,1.2246467991473532e-16,0.004452115390449762,0.0,0.25,0.06,0.125,9.0,6e-06,1.2,2e-05,1.5,SAC205,SAC305
397,0.004452115390449762,0.0,-15.5,468,-1.0,1.2246467991473532e-16,0.004452115390449762,0.0,0.25,0.06,0.125,9.0,6e-06,1.2,2e-05,1.5,SAC205,SAC305
396,0.004452115390449762,0.0,-15.5,469,-1.0,1.2246467991473532e-16,0.004452115390449762,0.0,0.25,0.06,0.125,9.0,6e-06,1.2,2e-05,1.5,SAC205,SAC305
363,0.004452115390449762,0.0,-15.5,470,-1.0,1.2246467991473532e-16,0.004452115390449762,0.0,0.25,0.06,0.125,9.0,6e-06,1.2,2e-05,1.5,SAC205,SAC305
27,0.004452115390449762,0.0,-15.5,471,-1.0,1.2246467991473532e-16,0.004452115390449762,0.0,0.25,0.06,0.125,9.0,6e-06,1.2,2e-05,1.5,SAC205,SAC305
26,0.004452115390449762,0.0,-15.5,472,-1.0,1.2246467991473532e-16,0.004452115390449762,0.0,0.25,0.06,0.125,9.0,6e-06,1.2,2e-05,1.5,SAC205,SAC305
25,0.004452115390449762,0.0,-15.5,473,-1.0,1.2246467991473532e-16,0.004452115390449762,0.0,0.25,0.06,0.125,9.0,6e-06,1.2,2e-05,1.5,SAC205,SAC305
24,0.004452115390449762,0.0,-15.5,474,-1.0,1.2246467991473532e-16,0.004452115390449762,0.0,0.25,0.06,0.125,9.0,6e-06,1.2,2e-05,1.5,SAC205,SAC305
23,0.004452115390449762,0.0,-15.5,475,-1.0,1.2246467991473532e-16,0.004452115390449762,0.0,0.25,0.06,0.125,9.0,6e-06,1.2,2e-05,1.5,SAC205,SAC305
22,0.004452115390449762,0.0,-15.5,476,-1.0,1.2246467991473532e-16,0.004452115390449762,0.0,0.25,0.06,0.125,9.0,6e-06,1.2,2e-05,1.5,SAC205,SAC305
21,0.004452115390449762,0.0,-15.5,477,-1.0,1.2246467991473532e-16,0.004452115390449762,0.0,0.25,0.06,0.125,9.0,6e-06,1.2,2e-05,1.5,SAC205,SAC305
19,0.004452115390449762,0.0,-15.5,478,-1.0,1.2246467991473532e-16,0.004452115390449762,0.0,0.25,0.06,0.125,9.0,6e-06,1.2,2e-05,1.5,SAC205,SAC305
18,0.004452115390449762,0.0,-15.5,479,-1.0,1.2246467991473532e-16,0.004452115390449762,0.0,0.25,0.06,0.125,9.0,6e-06,1.2,2e-05,1.5,SAC205,SAC305
34,0.004452115390449762,0.0,-15.5,480,-1.0,1.2246467991473532e-16,0.004452115390449762,0.0,0.25,0.06,0.125,9.0,6e-06,1.2,2e-05,1.5,SAC205,SAC305
33,0.004452115390449762,0.0,-15.5,481,-1.0,1.2246467991473532e-16,0.004452115390449762,0.0,0.25,0.06,0.125,9.0,6e-06,1.2,2e-05,1.5,SAC205,SAC305
458,0.004452115390449762,0.0,-15.5,482,-1.0,1.2246467991473532e-16,0.004452115390449762,0.0,0.25,0.06,0.125,9.0,6e-06,1.2,2e-05,1.5,SAC205,SAC305
457,0.004452115390449762,0.0,-15.5,483,-1.0,1.2246467991473532e-16,0.004452115390449762,0.0,0.25,0.06,0.125,9.0,6e-06,1.2,2e-05,1.5,SAC205,SAC305
454,0.004452115390449762,0.0,-15.5,484,-1.0,1.2246467991473532e-16,0.004452115390449762,0.0,0.25,0.06,0.125,9.0,6e-06,1.2,2e-05,1.5,SAC205,SAC305
453,0.004452115390449762,0.0,-15.5,485,-1.0,1.2246467991473532e-16,0.004452115390449762,0.0,0.25,0.06,0.125,9.0,6e-06,1.2,2e-05,1.5,SAC205,SAC305
452,0.004452115390449762,0.0,-15.5,486,-1.0,1.2246467991473532e-16,0.004452115390449762,0.0,0.25,0.06,0.125,9.0,6e-06,1.2,2e-05,1.5,SAC205,SAC305
451,0.004452115390449762,0.0,-15.5,487,-1.0,1.2246467991473532e-16,0.004452115390449762,0.0,0.25,0.06,0.125,9.0,6e-06,1.2,2e-05,1.5,SAC205,SAC305
450,0.004452115390449762,0.0,-15.5,488,-1.0,1.2246467991473532e-16,0.004452115390449762,0.0,0.25,0.06,0.125,9.0,6e-06,1.2,2e-05,1.5,SAC205,SAC305
449,0.004452115390449762,0.0,-15.5,489,-1.0,1.2246467991473532e-16,0.004452115390449762,0.0,0.25,0.06,0.125,9.0,6e-06,1.2,2e-05,1.5,SAC205,SAC305
28,0.004452115390449762,0.0,-15.5,490,-1.0,1.2246467991473532e-16,0.004452115390449762,0.0,0.25,0.06,0.125,9.0,6e-06,1.2,2e-05,1.5,SAC205,SAC305
43,0.004452115390449762,0.0,-15.5,491,-1.0,1.2246467991473532e-16,0.004452115390449762,0.0,0.25,0.06,0.125,9.0,6e-06,1.2,2e-05,1.5,SAC205,SAC305
42,0.004452115390449762,0.0,-15.5,492,-1.0,1.2246467991473532e-16,0.004452115390449762,0.0,0.25,0.06,0.125,9.0,6e-06,1.2,2e-05,1.5,SAC205,SAC305
41,0.004452115390449762,0.0,-15.5,493,-1.0,1.2246467991473532e-16,0.004452115390449762,0.0,0.25,0.06,0.125,9.0,6e-06,1.2,2e-05,1.5,SAC205,SAC305
40,0.004452115390449762,0.0,-15.5,494,-1.0,1.2246467991473532e-16,0.004452115390449762,0.0,0.25,0.06,0.125,9.0,6e-06,1.2,2e-05,1.5,SAC205,SAC305
470,0.004452115390449762,0.0,-15.5,495,-1.0,1.2246467991473532e-16,0.004452115390449762,0.0,0.25,0.06,0.125,9.0,6e-06,1.2,2e-05,1.5,SAC205,SAC305
37,0.004452115390449762,0.0,-15.5,496,-1.0,1.2246467991473532e-16,0.004452115390449762,0.0,0.25,0.06,0.125,9.0,6e-06,1.2,2e-05,1.5,SAC205,SAC305
9,0.0006724753184244037,0.0758853629231453,-21.75,497,0.8116906921698598,1.1530619554191744e-17,0.0006724753184244037,0.0758853629231453,0.25,0.06,0.125,9.0,6e-06,0.4,2e-05,1.0,SAC205,SAC405
6,0.0006724753184244037,0.0758853629231453,-21.75,498,0.8116906921698598,1.1530619554191744e-17,0.0006724753184244037,0.0758853629231453,0.25,0.06,0.125,9.0,6e-06,0.4,2e-05,1.0,SAC205,SAC405
86,0.0006724753184244037,0.0758853629231453,-21.75,499,0.8116906921698598,1.1530619554191744e-17,0.0006724753184244037,0.0758853629231453,0.25,0.06,0.125,9.0,6e-06,0.4,2e-05,1.0,SAC205,SAC405
268,0.0006724753184244037,0.0758853629231453,-21.75,500,0.8116906921698598,1.1530619554191744e-17,0.0006724753184244037,0.0758853629231453,0.25,0.06,0.125,9.0,6e-06,0.4,2e-05,1.0,SAC205,SAC405
