Bulk silicon thickness,Bump solder height,Substrate core thickness,"Substrate core (E, CTE)","UF (E, CTE)",Lid foot width,Lid thickness,Cu-pillar bump solder material,ELK stress,Warpage Post UF cure,Warpage post lid attach,Design_ID,BGA solder material,DeltaW_BGA,DeltaW_bump
0.25,0.06,0.4,9e-06,2.5e-05,9,2.0,SAC205,5.97951660095962,-0.08585425092314826,0.0477372417226432,1,SAC205,0.0014623069728259006,0.10263793915510203
0.25,0.02,0.4,6e-06,3e-05,9,2.0,SAC305,8.81123779236491,-0.08814831671770655,0.03689140843925995,2,SAC205,0.0141814530361444,0.23771640410025902
0.75,0.02,1.2,6e-06,2.5e-05,6,1.0,SAC305,10.9201016811309,-0.029055235208943403,0.031726342625916,3,SAC205,0.0858888849616043,0.33918127417564403
0.5,0.02,0.4,3e-06,3e-05,3,1.0,SAC305,9.03203748964324,-0.06340338851441625,0.0586506640538573,4,SAC405,0.0019535019346221807,0.28096111118793493
0.5,0.06,0.8,6e-06,2.5e-05,9,2.0,SAC205,6.51334383004475,-0.045091301202774006,0.10083902254700661,5,SAC405,0.011556263314560004,0.46158027648925803
0.25,0.06,1.2,9e-06,2e-05,9,1.5,SAC305,7.73222640768078,-0.032511005396372604,0.022404713468858944,6,SAC305,0.0010345463524572495,0.854602307081216
0.5,0.06,1.2,9e-06,3e-05,6,2.0,SAC105,4.7132414416359,-0.03258172812638795,0.03367041627643627,7,SAC205,0.09195914119482029,0.678340256214134
0.75,0.02,1.2,9e-06,3e-05,6,2.0,SAC305,10.2561106752416,-0.034774855943396674,0.0819334965199231,8,SAC305,0.0045508184994105996,0.244348213076591
0.5,0.06,1.2,9e-06,2.5e-05,3,1.5,SAC405,8.7071355025372,-0.03529130306560539,0.019832793506793615,9,SAC305,0.005894678295589999,0.305632943908374
0.75,0.04,0.4,9e-06,3e-05,6,1.5,SAC305,12.0875067178695,-0.06120402383385217,0.04260405083186917,10,SAC105,0.004692542141128729,0.31267333775758704
0.25,0.06,0.8,3e-06,3e-05,9,2.0,SAC205,7.001044578207,-0.032726139586884494,0.02376157464459537,11,SAC405,0.014325906464364296,0.06107587367296301
0.5,0.04,0.4,9e-06,2.5e-05,3,2.0,SAC205,8.49496463372,-0.07627698051510376,0.039462454995373215,12,SAC405,0.094348416663706,0.58718907833099
0.5,0.02,1.2,3e-06,2e-05,9,2.0,SAC305,11.5902604343704,-0.02409306052140891,0.12311689183115951,13,SAC105,0.0192988515773323,0.521414101123801
0.5,0.02,0.4,9e-06,2e-05,3,1.5,SAC205,8.32833352316442,-0.07162562033045099,0.020393141778185943,14,SAC405,0.026044458732940305,0.14818073809146898
0.75,0.02,0.4,6e-06,2.5e-05,6,1.0,SAC105,7.54959810424968,-0.0428591478266753,0.048943717032670905,15,SAC205,0.008193607704015398,0.138847600668669
0.75,0.04,0.4,3e-06,2.5e-05,9,2.0,SAC105,7.5172544671905,-0.044357453065458664,0.0731691345572471,16,SAC405,0.011787708848714797,0.29986245930194805
0.5,0.06,1.2,9e-06,2.5e-05,9,2.0,SAC405,8.70713927888653,-0.03948064841097213,0.02412490773713213,17,SAC405,0.0415241420269013,0.407129645347595
0.5,0.06,0.4,3e-06,3e-05,9,1.5,SAC405,8.03432957401536,-0.06195005992776705,0.0821589967235922,18,SAC305,0.0015049606972752406,0.16251440346240997
0.5,0.02,0.4,6e-06,2.5e-05,6,1.5,SAC105,5.79413621148124,-0.05129616029444148,0.0520152803510426,19,SAC205,0.026624455116689302,0.10395647957921003
0.5,0.06,0.4,9e-06,2e-05,6,1.0,SAC105,5.28315550839533,-0.07083224810776298,0.050928000069689006,20,SAC305,0.0058292362082284,0.286538980901241
0.75,0.06,0.8,6e-06,2e-05,3,1.0,SAC205,6.43252078200285,-0.037192634801613146,0.04502074568881646,21,SAC105,0.0661683278158306,0.072218134999275
0.25,0.04,0.4,3e-06,2.5e-05,6,2.0,SAC105,5.26611214947323,-0.06408376376202796,0.02335614632465871,22,SAC105,0.20301967393606898,0.424785427749157
0.25,0.04,0.8,3e-06,2e-05,9,1.5,SAC105,6.41409944257594,-0.03347134083742269,0.024313227389939077,23,SAC105,0.06553705316036929,0.291604230801265
0.25,0.04,1.2,3e-06,2e-05,9,1.5,SAC105,6.53333218705143,-0.016609109181445002,0.009801311069168143,24,SAC205,0.006020678731147169,0.18366419523954397
0.75,0.02,1.2,9e-06,2.5e-05,6,1.0,SAC205,9.00776124171018,-0.0312693124869838,0.04315923899412149,25,SAC305,0.019290451222332198,0.322993149360021
0.25,0.06,0.4,9e-06,2.5e-05,3,1.0,SAC305,6.70360562422777,-0.08254401912563475,0.04705908198957328,26,SAC405,0.093144722282887,0.23726508766412702
0.75,0.02,1.2,3e-06,2e-05,9,1.5,SAC405,12.8605595163948,-0.02554640243761238,0.20729868859052608,27,SAC105,0.008068815368460502,0.291906453669072
0.5,0.02,0.4,3e-06,3e-05,9,1.0,SAC105,5.86566133588267,-0.04943675722461185,0.045121008530259105,28,SAC205,0.12534990860149298,0.958663851022713
0.75,0.02,1.2,9e-06,2e-05,6,2.0,SAC405,11.5373538022921,-0.03675502585247155,0.03502275422215455,29,SAC405,0.007217755541205401,0.38466518372297304
0.5,0.06,0.8,3e-06,3e-05,9,1.0,SAC405,9.09199574253762,-0.03645011276239529,0.1251252740621565,30,SAC205,0.007766116308630361,0.18430115655064602
0.25,0.02,0.8,6e-06,2.5e-05,3,2.0,SAC405,11.7783992722641,-0.045001332589890766,0.0405171774327754,31,SAC205,0.0250677076401189,0.37969701985518195
0.25,0.02,0.8,9e-06,3e-05,6,1.0,SAC105,6.27533896957113,-0.03774267603876067,0.039667934877797954,32,SAC405,0.0017877579957712407,0.3269353508949279
0.5,0.06,0.8,6e-06,3e-05,3,1.5,SAC105,4.7095720076628,-0.03770334942964834,0.05139518110081546,33,SAC105,0.0222725190687924,0.242907255887985
0.75,0.02,0.4,6e-06,2e-05,3,1.5,SAC105,7.55062589154705,-0.04446463775821027,0.0280526634305715,34,SAC205,0.0022696272062603393,0.373572148382664
0.75,0.04,0.8,3e-06,2.5e-05,9,1.5,SAC105,6.36797357646358,-0.029814810666721224,0.11691937595605839,35,SAC405,0.00104785947587515,0.332309007644654
0.25,0.06,0.8,6e-06,3e-05,6,2.0,SAC205,6.70877241467934,-0.04003071991610335,0.024598288204288048,36,SAC205,0.0246358404983767,0.35063012689352
0.75,0.04,1.2,6e-06,3e-05,3,2.0,SAC105,6.07111213600604,-0.024087751866318254,0.0743709858506917,37,SAC105,0.018677638756344102,0.356127806007862
0.25,0.04,0.4,9e-06,2e-05,3,2.0,SAC305,8.00452058794858,-0.08883266162592911,0.03306925424840296,38,SAC305,0.0137383606925141,0.0875957570970057
0.25,0.04,0.8,3e-06,2e-05,3,2.0,SAC305,9.7897843534473,-0.033597247005673084,0.0647878693416714,39,SAC205,0.053926094435155,0.37749635428190204
0.25,0.06,0.8,9e-06,3e-05,3,2.0,SAC405,8.7141835050071,-0.04834819366806179,0.030005655804416165,40,SAC305,0.09489513933658601,0.519148103892801
0.25,0.02,1.2,3e-06,2e-05,3,1.0,SAC405,12.258275257403,-0.01981704239733516,0.039511536248028244,41,SAC305,0.0132441730820574,0.22118902578949995
0.75,0.02,0.4,3e-06,3e-05,3,1.5,SAC305,11.482549513285,-0.05086750444024793,0.038380619371309786,42,SAC305,0.0028947733226231797,0.322963034113248
0.5,0.06,0.8,3e-06,3e-05,9,1.0,SAC405,9.09205146781787,-0.03298093643388704,0.02211061253910883,43,SAC405,0.0192754894960671,0.310776174068451
0.5,0.06,0.8,3e-06,2.5e-05,3,1.0,SAC205,6.78129560235096,-0.03160786940134129,0.03020167478825895,44,SAC305,0.0205587215023115,0.325251206755638
0.5,0.02,0.8,3e-06,2.5e-05,3,1.5,SAC205,10.1440300648868,-0.03299953090026971,0.028176630847156,45,SAC105,0.1256461404263969,0.197957959026098
0.5,0.04,1.2,3e-06,3e-05,3,2.0,SAC405,11.2348830175258,-0.02083280624356115,0.017229957797098825,46,SAC305,0.0033225591760128598,0.40072803944349294
0.5,0.04,0.4,3e-06,2.5e-05,9,1.5,SAC105,6.07763432113941,-0.05595386671484444,0.1214911304414272,47,SAC405,0.0076868228788953,0.33354136347770696
0.75,0.06,1.2,3e-06,2e-05,9,1.0,SAC205,6.88250741751118,-0.018931839964352548,0.10145920328795899,48,SAC205,0.0213879714719951,0.247808743268251
0.25,0.02,1.2,6e-06,2.5e-05,6,2.0,SAC305,10.3787205859897,-0.02620411867974318,0.0625696163624524,49,SAC105,0.09956167731434042,0.4801819622516631
0.25,0.04,1.2,6e-06,2.5e-05,9,1.5,SAC105,6.1602075041976,-0.02811853610910467,0.03140905185136935,50,SAC105,0.028983228141442,0.23632010817527793
0.25,0.04,0.4,6e-06,2.5e-05,6,1.5,SAC405,8.55468028327698,-0.08598143076233099,0.0898363087326288,51,SAC405,0.016765377309639003,0.10860165208578101
0.75,0.02,0.8,9e-06,2.5e-05,6,1.0,SAC105,7.33846834435655,-0.03591900371247896,0.02716722281184041,52,SAC405,0.0010835458684823598,0.379960551857948
0.5,0.06,1.2,6e-06,3e-05,9,1.5,SAC305,7.90443269788008,-0.02917185347178012,0.034260204061865765,53,SAC105,0.12975622899830297,0.204542804509402
0.5,0.04,0.4,3e-06,3e-05,3,1.5,SAC105,6.07788015113509,-0.05470651789801194,0.016196047974517486,54,SAC405,0.00081732826171788,0.295155182480812
0.5,0.02,0.4,9e-06,3e-05,9,1.5,SAC405,10.9254515332748,-0.08034052260336459,0.13641482219099949,55,SAC205,0.025354446377605196,0.18983848020434402
0.5,0.04,0.8,3e-06,2.5e-05,9,2.0,SAC305,9.60209020417707,-0.03433377927285613,0.02416305700899098,56,SAC405,0.0011911326810150097,0.468110938866933
0.25,0.04,0.8,3e-06,2e-05,3,2.0,SAC405,11.0881872641361,-0.03480409792973652,0.04692653380334367,57,SAC305,0.027564909774810104,0.14388425275683397
0.25,0.04,0.4,6e-06,2.5e-05,3,1.5,SAC305,7.6148056021812,-0.08009800269792314,0.05226895652594974,58,SAC105,0.019859922380419396,0.401424050331116
0.75,0.04,1.2,9e-06,2e-05,6,1.0,SAC205,7.98826556676922,-0.03327893977984778,0.043612276436760945,59,SAC205,0.00248880629806081,0.18284219503402702
0.5,0.02,1.2,9e-06,3e-05,3,1.0,SAC305,10.1168913406629,-0.0325141993816942,0.01884179702028626,60,SAC105,0.018816806783434,0.33297008772691106
0.75,0.02,0.8,3e-06,2e-05,9,2.0,SAC405,13.2962014049517,-0.03800318483263248,0.03342969389632335,61,SAC205,0.0055574292491655,0.7448600878318069
0.25,0.06,0.8,9e-06,3e-05,3,2.0,SAC205,6.39055228098358,-0.04555271335993891,0.05254936125129453,62,SAC305,0.006008563213981601,0.33140388627847
0.75,0.02,0.8,3e-06,2e-05,3,1.0,SAC105,8.47305650119123,-0.02839081571437417,0.01819536252878602,63,SAC405,0.010597971791867201,0.43245014548301697
0.5,0.02,0.4,3e-06,3e-05,6,2.0,SAC405,10.278378831296,-0.06800135358935216,0.029990006034495264,64,SAC305,0.00426416660775426,0.11222201213240601
0.75,0.06,0.8,3e-06,2.5e-05,6,2.0,SAC105,4.67296236721765,-0.027074865909526052,0.0609355773776769,65,SAC105,0.07620519539341261,0.304117664694786
0.25,0.02,1.2,6e-06,2.5e-05,3,1.0,SAC405,11.7777913542038,-0.027302325877826637,0.024242143204901364,66,SAC205,0.002839351560396609,0.36636195331811894
0.75,0.04,0.4,3e-06,3e-05,3,2.0,SAC405,11.9032228937092,-0.05187078620656384,0.0394473727792501,67,SAC405,0.0274232605006546,0.13360893726348902
0.5,0.04,0.8,9e-06,3e-05,9,2.0,SAC305,8.6132387574998,-0.04941908290493296,0.02380372607149183,68,SAC105,0.0030298014462459798,0.285563498735428
0.75,0.04,0.8,9e-06,2e-05,3,2.0,SAC105,6.41711858980323,-0.043119698239024694,0.02920806035399437,69,SAC405,0.0014013830368639901,0.4479608088731771
0.75,0.02,0.4,9e-06,2.5e-05,6,2.0,SAC105,7.62766756493122,-0.05366368294926352,0.01874752453295507,70,SAC105,0.004058736980368851,0.723430862029393
0.75,0.04,0.8,6e-06,3e-05,6,1.0,SAC305,9.39028551894082,-0.03801806591218334,0.037187466747127446,71,SAC305,0.0023531920160166893,0.503151009480158
0.5,0.02,0.8,9e-06,3e-05,6,1.0,SAC205,8.66381696667005,-0.043930640327744096,0.02994592516915871,72,SAC405,0.0018283597019035404,0.4812221626440619
0.75,0.04,0.8,3e-06,3e-05,9,1.0,SAC105,6.36801709881323,-0.026178262138273567,0.0362594928592442,73,SAC205,0.0545797869563103,0.21803667396307003
0.75,0.02,0.8,6e-06,2.5e-05,6,1.5,SAC305,11.5911337477715,-0.04137286427430802,0.048613422550260896,74,SAC105,0.0356741187861189,0.327747486531734
0.75,0.06,0.4,6e-06,2.5e-05,6,1.5,SAC105,6.24301058841259,-0.05352749541634685,0.04408424999564884,75,SAC305,0.0164662378374487,0.182985063642264
0.5,0.06,0.4,6e-06,2e-05,9,2.0,SAC205,6.47924784736713,-0.06764220920740623,0.059678561985492616,76,SAC405,0.0042690985137597,0.24718540161848
0.5,0.06,0.8,9e-06,3e-05,3,1.5,SAC405,8.28284772090202,-0.049376957205822684,0.045488600415410384,77,SAC405,0.0037300023395800287,0.13994808122515598
0.75,0.02,0.4,6e-06,2e-05,3,2.0,SAC105,7.55054440321879,-0.04398867744021109,0.0508017307147383,78,SAC105,0.0132010777015239,0.177666865289211
0.25,0.04,0.8,9e-06,2e-05,3,1.0,SAC405,10.1945717889547,-0.05255318287527186,0.021345362547435767,79,SAC205,0.07449649600312071,0.4138418659567831
0.5,0.06,0.8,6e-06,2e-05,9,1.0,SAC105,4.70958976560244,-0.044939577113836976,0.1982851698994631,80,SAC405,0.0669669974595301,0.15600952878594404
0.5,0.02,0.8,3e-06,3e-05,6,1.5,SAC105,8.20550859145234,-0.028744547860696842,0.02587013924494385,81,SAC205,0.0162603190401569,0.129667643457651
0.25,0.04,1.2,3e-06,2.5e-05,6,1.0,SAC105,6.53326806154856,-0.01630736270453781,0.01595180027652525,82,SAC205,0.0028529852479550703,0.389991300801436
0.5,0.04,1.2,3e-06,3e-05,3,1.0,SAC105,6.52277039301456,-0.017788105120416686,0.0403669904917478,83,SAC405,0.06454585399478618,0.589539997279643
0.75,0.04,0.4,6e-06,2.5e-05,6,1.5,SAC305,11.4066695878513,-0.05798703382606615,0.0888917930424213,84,SAC105,0.013976238231407501,0.31878544390201596
0.25,0.04,1.2,3e-06,2e-05,3,1.0,SAC205,8.64851350554336,-0.017918053665198365,0.049769128672778544,85,SAC205,0.0491284064482893,0.721273521582283
0.5,0.06,0.8,3e-06,2e-05,6,2.0,SAC405,9.09206472118345,-0.034631601243745494,0.14807467162609,86,SAC105,0.0021071991686767502,0.385802179574966
0.25,0.04,1.2,3e-06,3e-05,6,1.0,SAC105,6.5333530505843,-0.016849547449964964,0.02410178227000861,87,SAC205,0.005162512083188591,0.258655924350024
0.25,0.02,0.8,9e-06,2.5e-05,3,1.5,SAC305,9.98483346456504,-0.04580072278622529,0.045567923225462416,88,SAC305,0.007521776264184099,0.29275158047676103
0.5,0.02,0.8,3e-06,3e-05,3,1.5,SAC205,10.1440343769913,-0.03210430598119264,0.0806546546518802,89,SAC105,0.00609792528484825,0.346331551671028
0.75,0.04,0.4,9e-06,3e-05,3,1.5,SAC205,10.6919073688283,-0.05905934085603796,0.0566467437893151,90,SAC405,0.0200698933913373,0.19100670889020002
0.5,0.06,0.4,9e-06,3e-05,6,1.5,SAC105,5.28324073494293,-0.06844919302966444,0.04139994631987062,91,SAC105,0.121184223797172,0.332695096731186
0.75,0.02,0.4,6e-06,2e-05,6,1.5,SAC105,7.55057152017672,-0.044745510036591406,0.022909175138920518,92,SAC205,0.008150477282470012,0.119977287948132
0.75,0.06,1.2,6e-06,3e-05,3,1.5,SAC405,8.96390822970943,-0.026145673822611477,0.01678796298801893,93,SAC305,0.0559828169643873,0.324373722076416
0.5,0.04,0.8,6e-06,3e-05,9,1.0,SAC305,8.93610433806135,-0.04228425491601221,0.029058791376883084,94,SAC405,0.0046997163444758,0.238996197779973
0.5,0.04,1.2,3e-06,2e-05,3,1.5,SAC205,8.60335335233469,-0.020089502242626546,0.011714719556039182,95,SAC205,0.06273977132514111,0.082363991066814
0.75,0.06,1.2,6e-06,3e-05,3,1.0,SAC205,6.6540286218601,-0.02483474893961101,0.020367555203847556,96,SAC405,0.0252804239280522,0.07548426277935502
0.25,0.04,0.4,6e-06,3e-05,6,1.5,SAC205,6.81918035056178,-0.07841349093359888,0.04934259084984653,97,SAC305,0.0014634336848757794,0.411758586764336
0.75,0.02,0.8,3e-06,3e-05,6,1.0,SAC405,13.2954756251519,-0.03356568352319299,0.060971662402152904,98,SAC305,0.0012842642390751297,0.42342948168516104
0.25,0.06,1.2,3e-06,3e-05,9,1.5,SAC205,7.09314338650684,-0.019343890395248246,0.039513745810836554,99,SAC305,0.024208103539422203,0.19622776284813898
0.75,0.04,0.8,9e-06,2.5e-05,3,1.0,SAC305,9.77085353776516,-0.045054090616758885,0.04712026243214487,100,SAC405,0.029652269557118402,0.24762262403965002
0.25,0.02,1.2,9e-06,2e-05,9,1.5,SAC405,11.3565038608627,-0.03417911633732725,0.023974094277946213,101,SAC205,0.0174636469455436,0.519104654590289
0.25,0.04,1.2,3e-06,2.5e-05,3,1.0,SAC305,9.94660266702194,-0.018481116072507492,0.0321178137091919,102,SAC105,0.0078298012376763,0.345179378986359
0.75,0.04,0.4,6e-06,2e-05,3,1.0,SAC205,10.281070566579,-0.05774389227735802,0.05607804027386009,103,SAC305,0.025489711901172996,0.08933591097593302
0.25,0.06,0.4,3e-06,2e-05,6,1.0,SAC205,5.49318459919586,-0.06625252241792623,0.05159090788220054,104,SAC105,0.41570543870329896,0.8330091933409329
0.5,0.06,0.8,6e-06,2e-05,9,1.5,SAC405,8.72901169109829,-0.04785213744617059,0.04182272218167776,105,SAC305,0.0177335614571347,0.35524699836969403
0.75,0.06,0.8,9e-06,2e-05,9,1.5,SAC105,5.27722399261759,-0.04364877412444908,0.041481318126898224,106,SAC305,0.0009176053043802304,0.7938685615857439
0.5,0.04,1.2,3e-06,2.5e-05,6,1.0,SAC305,9.88831704080174,-0.020378761633764914,0.01617136842105532,107,SAC405,0.0032637996773701205,0.8270443181196789
0.25,0.02,0.4,6e-06,2.5e-05,3,2.0,SAC105,5.47971669669318,-0.05486568636842999,0.02120317704975599,108,SAC305,0.011857268284075,0.062143381685017984
0.75,0.04,0.4,6e-06,2.5e-05,6,2.0,SAC405,12.5435987704073,-0.059817269822815385,0.04707789677195244,109,SAC105,0.0419726520776749,0.206845749169588
0.25,0.04,1.2,6e-06,3e-05,3,1.0,SAC305,9.57591617900103,-0.025912737473845465,0.03175688450573942,110,SAC205,0.11316013615578399,0.4142723282178169
0.25,0.06,0.8,9e-06,3e-05,6,2.0,SAC305,7.53174907221549,-0.049053089969675,0.033486405940493506,111,SAC405,0.012312926934100705,0.22634243965148898
0.25,0.02,0.4,9e-06,2e-05,9,1.0,SAC105,5.40494507688315,-0.07327619873103679,0.2023552805185313,112,SAC305,0.0017087475689550003,0.439910014470418
0.75,0.06,0.8,6e-06,2.5e-05,3,1.0,SAC305,7.37470050946222,-0.03723568553687064,0.03803774053812952,113,SAC405,0.0475046571809799,1.2579803367455802
0.5,0.02,0.8,9e-06,2e-05,9,1.0,SAC405,11.1120112250393,-0.05296038120286534,0.032000651233829544,114,SAC405,0.0018791738548316,0.131749346852302
0.75,0.02,1.2,6e-06,3e-05,9,2.0,SAC305,10.9199864734803,-0.02794053545221676,0.05095455655828112,115,SAC305,0.0032047921558841196,0.36750523000955604
0.5,0.02,1.2,3e-06,2.5e-05,6,1.0,SAC205,10.3605248412664,-0.01999484980478878,0.019724329176824495,116,SAC305,0.0014242484751321198,0.6363000373045581
0.75,0.04,0.8,6e-06,2e-05,6,1.0,SAC105,6.40905193695864,-0.03644634675583798,0.12653268501162518,117,SAC305,0.004108893132070031,0.5089742938677471
0.75,0.02,0.8,9e-06,3e-05,9,1.5,SAC105,7.33754943358256,-0.03888691711472339,0.0925917290151119,118,SAC105,0.0156452420633287,0.61086577177047
0.25,0.04,1.2,9e-06,3e-05,6,1.0,SAC405,10.5613977969296,-0.0331893052789382,0.041688440367579425,119,SAC405,0.009198267711326497,0.39728507399558993
0.75,0.04,1.2,6e-06,2.5e-05,9,2.0,SAC105,6.07108328210001,-0.02683371218154205,0.034897856414318,120,SAC105,0.0107952202961314,0.284586802124977
0.75,0.06,1.2,3e-06,2.5e-05,3,2.0,SAC305,8.06557586479811,-0.01875938996090546,0.018630455830134365,121,SAC205,0.0289239556295798,0.247228436172008
0.75,0.02,1.2,6e-06,3e-05,6,2.0,SAC105,7.56905363600492,-0.02514936146326359,0.0873171836137771,122,SAC205,0.0676104496233157,0.18595385551452603
0.5,0.02,1.2,3e-06,3e-05,6,2.0,SAC305,11.5903858665082,-0.02010562625946472,0.0615608384832739,123,SAC305,0.013878657075110802,0.09389145299792301
0.75,0.06,1.2,9e-06,2e-05,6,1.5,SAC305,7.41739256591489,-0.03453426042688074,0.0428934916853904,124,SAC305,0.0260855781380087,0.9672624468803319
0.75,0.06,1.2,6e-06,2e-05,6,1.0,SAC205,6.65387142536616,-0.026582844264339597,0.04549558361759406,125,SAC205,0.00282628592321998,0.263358548283577
0.25,0.02,1.2,6e-06,3e-05,9,2.0,SAC305,10.3784099547726,-0.029771801375318225,0.030629138462245423,126,SAC405,0.0083498448948376,0.38204538077116007
0.75,0.06,0.8,6e-06,2e-05,3,1.5,SAC205,6.43255395751093,-0.0371922269696369,0.019676664902362972,127,SAC205,0.0012666289203480102,0.32144695520401007
0.5,0.06,0.4,9e-06,3e-05,6,1.0,SAC305,7.67817248565467,-0.075525654858211,0.04514239856507624,128,SAC205,0.0030903317601769205,0.505161677797635
0.25,0.02,1.2,9e-06,2e-05,6,2.0,SAC405,11.3563564249805,-0.03682906262110917,0.08676219359040249,129,SAC405,0.0024833566749293797,0.19357721507549303
0.5,0.06,1.2,6e-06,2e-05,9,1.5,SAC405,9.07444351582074,-0.033207914908416535,0.1110290549695491,130,SAC105,0.0225808129180222,0.4364661226669951
0.25,0.04,0.4,9e-06,2.5e-05,6,1.0,SAC205,7.20840680165624,-0.08373291534371666,0.0729515895654912,131,SAC405,0.0049834501114674,0.71742435296376
0.5,0.04,0.4,9e-06,2e-05,6,1.0,SAC105,6.51111346965207,-0.07304869606741696,0.0523011781042441,132,SAC205,0.0629771514795712,0.133743301033973
0.25,0.06,0.8,9e-06,2.5e-05,6,2.0,SAC305,7.53182068460166,-0.047683109718491226,0.021299831103533493,133,SAC405,0.0024739694345044,0.48317992687225403
0.5,0.04,1.2,3e-06,2.5e-05,6,1.5,SAC405,11.2348121523195,-0.021853215119335762,0.062254147604107704,134,SAC305,0.013480265159159902,0.367590342958768
0.5,0.04,1.2,3e-06,2e-05,9,2.0,SAC305,9.88825980664144,-0.023279470769921307,0.03366096806712447,135,SAC305,0.009741554706124601,0.22080850973725302
0.25,0.02,0.4,9e-06,3e-05,9,1.0,SAC105,5.40482554647493,-0.06985119511955411,0.04016156765283084,136,SAC105,0.009657482922193601,0.279075387865305
0.5,0.02,1.2,9e-06,2e-05,6,1.5,SAC305,10.1167017062612,-0.034713499422650784,0.028820099658332703,137,SAC205,0.009524816923658301,0.44355841974417404
0.75,0.04,0.4,6e-06,2e-05,6,1.5,SAC105,7.70702420384503,-0.05377121004858049,0.03506039502099149,138,SAC305,0.0013032051938353098,0.381940096616745
0.25,0.06,0.8,9e-06,2.5e-05,6,1.0,SAC305,7.53158109064659,-0.04770328517770386,0.03042500604351514,139,SAC105,0.015280741616152203,0.315769508481026
0.5,0.06,0.4,9e-06,2e-05,3,2.0,SAC105,5.28314556701987,-0.06950478488579391,0.018206782726338043,140,SAC205,0.209552859887481,0.484721451997757
0.25,0.04,1.2,9e-06,3e-05,6,1.0,SAC405,10.5617489584263,-0.033261555625358596,0.02736297552473834,141,SAC405,0.040156287606805396,0.09502555802464502
0.5,0.02,0.4,3e-06,2.5e-05,6,1.0,SAC405,10.2785280133578,-0.0668613170855678,0.04059916100231927,142,SAC205,0.0029524873025366105,0.216431774199009
0.5,0.06,1.2,6e-06,2.5e-05,6,1.0,SAC105,4.9027984470914,-0.027249446226051008,0.0999973490834235,143,SAC305,0.013003873755223997,0.20773173868656097
0.5,0.06,1.2,6e-06,3e-05,6,1.5,SAC205,6.77049137730778,-0.027082529384642746,0.0531367585062979,144,SAC305,0.006069745519198399,0.262504644691944
0.5,0.06,1.2,6e-06,2.5e-05,9,2.0,SAC405,9.07443656205765,-0.028305078682024004,0.02973188814939929,145,SAC305,0.0777118252590299,0.568784132599822
0.75,0.02,0.4,9e-06,2e-05,9,2.0,SAC205,10.7351037756131,-0.059765127662103554,0.0840074643492697,146,SAC405,0.0029457771452143797,0.5841924200455331
0.5,0.06,0.4,6e-06,2.5e-05,6,1.0,SAC105,5.09415896559916,-0.062142422422766595,0.0473972810432314,147,SAC105,0.0492946575395763,0.28214263916015697
0.5,0.02,0.8,9e-06,3e-05,3,2.0,SAC205,8.66370007507951,-0.04424137086607511,0.027983828273136165,148,SAC105,0.030876230157446102,0.26433175802230796
0.75,0.06,0.4,6e-06,3e-05,3,1.0,SAC205,8.15629194435832,-0.05253366735996678,0.047340841265395284,149,SAC205,0.006379057187587002,0.30287906527519204
0.5,0.04,0.8,9e-06,2.5e-05,3,1.5,SAC405,9.54701694812455,-0.052596898196497856,0.047130575694609426,150,SAC305,0.00326181098353117,0.45021045207977295
0.75,0.04,1.2,9e-06,2e-05,9,2.0,SAC305,9.18920169438264,-0.034124231751775286,0.03413566376548259,151,SAC405,0.007099692709743999,0.38767157991727197
0.25,0.06,1.2,9e-06,2.5e-05,6,1.5,SAC205,6.55627645163626,-0.03125871872180133,0.016338515619281666,152,SAC305,0.012579065747559098,0.270460434257985
0.25,0.04,0.8,3e-06,3e-05,9,1.5,SAC205,8.52366955299558,-0.03500819386681532,0.02377201884519303,153,SAC405,0.0095426441403105,0.161261130124331
0.75,0.04,0.4,6e-06,2.5e-05,6,1.0,SAC205,10.2813146888127,-0.05670413983170874,0.043800879968330236,154,SAC205,0.04240884166210889,0.446008483568827
0.5,0.02,0.4,9e-06,2e-05,9,1.0,SAC405,10.9253444680037,-0.09130823673331172,0.09528072085231543,155,SAC105,0.010156049858778701,0.38577621181806004
0.5,0.02,0.4,9e-06,2.5e-05,9,1.5,SAC205,8.3282544387423,-0.0783222928876057,0.0891110729426144,156,SAC105,0.015123747405596102,0.29633920888105997
0.5,0.06,0.8,3e-06,3e-05,9,2.0,SAC105,4.90867461175755,-0.029048687807517074,0.145136579871177,157,SAC105,0.0367873338982463,0.32340008020400995
0.75,0.04,0.4,3e-06,3e-05,3,2.0,SAC205,9.69549020806177,-0.0475004722829908,0.043437927961349404,158,SAC105,0.0197385207866319,0.31731089949607894
0.5,0.06,0.8,9e-06,2.5e-05,6,1.0,SAC105,4.47942830357859,-0.04705675697186955,0.0918075442314147,159,SAC105,0.014673893048893698,0.163537841290235
0.5,0.06,0.4,6e-06,2.5e-05,3,1.5,SAC105,5.09413494561174,-0.06214251840719947,0.02307091071270398,160,SAC205,0.0164635070541408,0.6263753871122941
0.5,0.04,1.2,6e-06,2e-05,9,2.0,SAC105,6.14168780076438,-0.026655252208001898,0.01211181413964361,161,SAC105,0.0164184437599033,0.352454945445061
0.75,0.02,0.4,9e-06,2e-05,6,2.0,SAC305,12.3613776391533,-0.0610099604818969,0.02686165622435506,162,SAC205,0.05313433567062,0.286776699125767
0.25,0.02,0.8,6e-06,2e-05,3,1.5,SAC205,9.12537750987989,-0.037082628346979535,0.0727268308401107,163,SAC205,0.0018268917920067898,0.396777212619782
0.5,0.02,1.2,6e-06,2.5e-05,3,1.0,SAC205,9.66852822927235,-0.026951434614602424,0.03543279023142531,164,SAC105,0.010219149487966131,0.348003558814526
0.25,0.06,0.4,3e-06,2.5e-05,3,2.0,SAC205,5.49325925491954,-0.06429182468855282,0.01623864163411772,165,SAC105,0.192616324871779,0.39541914562384295
0.75,0.02,0.4,6e-06,2.5e-05,6,1.5,SAC405,13.7511234135171,-0.06149957492016253,0.02725850394926962,166,SAC205,0.0013001368251934695,0.444111282626788
0.25,0.06,0.8,6e-06,3e-05,9,1.5,SAC205,6.70856004448394,-0.03791127560543823,0.04907943797297774,167,SAC405,0.0036484093725448197,0.23288330435752896
0.75,0.06,0.8,3e-06,3e-05,9,1.5,SAC105,4.67301869232857,-0.02858357792138115,0.2024697512388225,168,SAC305,0.05290566757321319,0.48044409602880506
0.5,0.02,0.8,9e-06,2.5e-05,6,2.0,SAC405,11.1119101020507,-0.05444425973109896,0.04465273616369805,169,SAC405,0.023576088715344605,0.325206364194552
0.25,0.06,0.4,6e-06,2e-05,3,2.0,SAC105,4.48571275666396,-0.06833425030345096,0.0361692933365702,170,SAC405,0.00151978064968716,0.26171228041251504
0.25,0.06,1.2,3e-06,2.5e-05,3,2.0,SAC305,8.32619849427404,-0.01762647725990965,0.028113398700952502,171,SAC305,0.0014744998243258998,0.734330316384633
0.5,0.06,0.8,9e-06,2.5e-05,9,1.5,SAC205,6.19821906050884,-0.04752146435203028,0.05245934752747412,172,SAC105,0.1019635559059679,0.538279093801975
0.25,0.06,0.8,6e-06,2.5e-05,9,2.0,SAC205,6.70871027793784,-0.03864716294629032,0.03396820701891555,173,SAC205,0.0849524047225706,0.4564716294407839
0.5,0.02,0.4,6e-06,3e-05,3,1.5,SAC305,9.41254067435918,-0.07194342691218472,0.047649496991652995,174,SAC305,0.009575334435794499,0.282799415290355
0.5,0.04,0.4,9e-06,3e-05,3,1.5,SAC105,6.5112576392538,-0.0692464211897458,0.0418605236336588,175,SAC405,0.0222494527697563,0.08369444124400599
0.25,0.06,0.4,3e-06,2.5e-05,9,1.5,SAC105,4.2976355536155,-0.058438582229427966,0.1612228974699968,176,SAC105,0.120400176383555,0.355197124183178
0.75,0.06,1.2,6e-06,3e-05,6,1.5,SAC305,7.79452818525013,-0.02541660843417044,0.045822500716894844,177,SAC305,0.0218978730263188,0.31840827564398405
0.5,0.02,1.2,6e-06,2e-05,3,1.0,SAC205,9.66869796734439,-0.02748297445941715,0.03997875633649528,178,SAC405,0.005925990088144239,1.038822134335829
0.25,0.06,0.4,9e-06,3e-05,9,2.0,SAC205,5.97948954768001,-0.07767571853764818,0.0675592944025993,179,SAC405,0.0037724920475738603,0.666726619005199
0.5,0.02,0.8,9e-06,3e-05,6,1.5,SAC405,11.1120973349621,-0.05274379922775542,0.03880806581582873,180,SAC105,0.08047166466712911,0.25786490738391904
0.75,0.04,0.4,3e-06,2.5e-05,9,1.0,SAC405,11.9029297430431,-0.053191492886980926,0.1578721590340128,181,SAC405,0.018361339927651,0.30668582767248204
0.25,0.04,0.4,3e-06,3e-05,3,1.5,SAC205,6.47991575538511,-0.06655103288358076,0.02850015228614204,182,SAC205,0.0008928420784286599,0.70451190074284
0.75,0.06,0.8,6e-06,2.5e-05,9,2.0,SAC305,7.37468025953982,-0.037109857337782125,0.06179360952228307,183,SAC405,0.00422550299845161,0.531339233120282
0.75,0.02,0.8,6e-06,3e-05,9,2.0,SAC405,12.9751210719361,-0.04108702158555386,0.04395829699933524,184,SAC205,0.00226756334450329,0.327106341719627
0.25,0.04,0.4,6e-06,2.5e-05,6,2.0,SAC305,7.61479758149425,-0.0829789844574406,0.04046826735429927,185,SAC305,0.012287486926652502,0.157820019870997
0.25,0.06,0.4,3e-06,2e-05,9,1.5,SAC205,5.49336872592806,-0.07078574463957918,0.03276235342491408,186,SAC305,0.0104040825972333,0.12497406080365198
0.25,0.02,1.2,9e-06,2e-05,9,1.0,SAC405,11.3568126119891,-0.034671508736209916,0.05347248539328569,187,SAC305,0.0011820959211945605,0.172747362405062
0.75,0.06,1.2,6e-06,3e-05,6,1.0,SAC405,8.963890679174,-0.02619571471586817,0.026707547018304426,188,SAC205,0.00262093101082428,0.39488560706376996
0.25,0.04,0.8,3e-06,3e-05,3,1.0,SAC305,9.78979523079942,-0.03246709186350919,0.02995276823639869,189,SAC305,0.011365572485374297,0.21893970668315899
0.5,0.04,0.4,9e-06,2.5e-05,3,2.0,SAC305,9.40180918288259,-0.07869354740250853,0.0585411116480826,190,SAC105,0.0404477547854185,0.344987288117409
0.25,0.02,1.2,9e-06,2.5e-05,3,2.0,SAC305,10.0393993619165,-0.029710740142036198,0.011986880854237759,191,SAC405,0.0013963356032036202,0.30940286070108397
0.5,0.06,0.8,6e-06,2.5e-05,6,2.0,SAC205,6.51331814298974,-0.04002779792062938,0.0858883829787373,192,SAC205,0.006423070066375701,0.25549525022506697
0.75,0.04,1.2,6e-06,3e-05,9,1.5,SAC405,10.4538379592747,-0.02714819024549795,0.01979772141203282,193,SAC305,0.0045248563692439,0.505952248970668
0.75,0.06,1.2,3e-06,2e-05,9,1.0,SAC105,4.95153566106477,-0.020165079506114035,0.2153158038854598,194,SAC405,0.0024242727813543804,0.25456491857767094
0.75,0.06,0.8,3e-06,3e-05,9,2.0,SAC305,7.68719921000785,-0.028388913458911664,0.019889906310709124,195,SAC305,0.00260348420124493,0.2745699360966691
0.5,0.02,1.2,6e-06,2.5e-05,3,1.5,SAC205,9.66870287770759,-0.026951364765409304,0.07399193570017809,196,SAC305,0.03549116454087191,0.5964705993731759
0.75,0.04,0.8,9e-06,2.5e-05,9,1.0,SAC405,10.7561314303353,-0.051709302235394695,0.0902365539222955,197,SAC105,0.028928798623383004,0.185448750853538
0.25,0.02,0.8,6e-06,2e-05,9,2.0,SAC405,11.778636950713,-0.04490165493916716,0.029546887933974992,198,SAC105,0.015227996511384899,0.3697366416454321
0.25,0.04,1.2,9e-06,2e-05,3,2.0,SAC305,9.35011793760402,-0.033099843771196825,0.018871495383791546,199,SAC105,0.00877762377785984,0.168984591960907
0.25,0.06,0.4,6e-06,2e-05,9,1.5,SAC305,6.46065879227748,-0.07670620150747708,0.1116877980530261,200,SAC405,0.0049947182124015,0.34960815310478194
0.75,0.06,0.4,3e-06,3e-05,3,1.0,SAC305,8.81901845932517,-0.04724896099651227,0.028720380942104377,201,SAC105,0.00171596883956227,0.36109790951013593
0.75,0.06,0.4,9e-06,2.5e-05,6,2.0,SAC405,10.8373299197071,-0.06298519173287787,0.03964250709395851,202,SAC405,0.0016228951898256102,0.26775414496660305
0.25,0.02,0.8,6e-06,2.5e-05,3,1.5,SAC105,6.87597550704264,-0.03077989601297301,0.057674696668982395,203,SAC105,0.046025669202208505,0.16685375819603698
0.5,0.02,0.4,9e-06,3e-05,9,2.0,SAC405,10.9252649499536,-0.08034027423127549,0.05240863293875006,204,SAC205,0.0444636372849346,0.41251301765441895
0.5,0.06,1.2,3e-06,2e-05,6,2.0,SAC205,6.93644037402406,-0.020295825175708146,0.018209095171186986,205,SAC205,0.034570156654808705,0.280125759541988
0.5,0.02,0.4,9e-06,2.5e-05,9,2.0,SAC205,8.32825386178358,-0.07909393362933764,0.1661123000085351,206,SAC305,0.008249263948528101,0.29651381075382205
0.5,0.02,0.8,3e-06,2.5e-05,9,1.0,SAC305,11.299409622092,-0.037575711030512965,0.033717420999891994,207,SAC205,0.0852814808022226,0.35799701511859905
0.25,0.02,1.2,6e-06,3e-05,6,2.0,SAC205,9.18144126586555,-0.02597757475450635,0.0547542236745357,208,SAC405,0.0036898158141411806,0.295208401978016
0.75,0.02,0.8,3e-06,2e-05,3,1.0,SAC405,13.2961138468559,-0.0347622805275022,0.02990573737770313,209,SAC205,0.00679401945671994,0.365336661537488
0.5,0.06,0.8,3e-06,2e-05,6,1.0,SAC305,7.92640663046749,-0.033560758252860944,0.03687440045177929,210,SAC305,0.020479902101215003,0.13252238556742701
0.75,0.04,0.4,3e-06,2.5e-05,6,2.0,SAC305,10.7966217237688,-0.052852064458420465,0.09327203780412671,211,SAC305,0.005263253915472898,0.56546175976594
0.75,0.04,1.2,9e-06,2e-05,9,2.0,SAC305,9.18920576273172,-0.03412431338801973,0.0782942231744527,212,SAC405,0.0016508595144841794,0.38439019769430105
0.75,0.06,1.2,3e-06,2e-05,3,1.5,SAC105,4.9515489480372,-0.018170625000493577,0.012700489547569268,213,SAC205,0.002989489661558771,0.354288935661316
0.25,0.02,0.8,9e-06,2e-05,3,2.0,SAC405,11.4056625403024,-0.05272063796292051,0.029165208979975397,214,SAC105,0.0243662160355598,0.24418854713440002
0.5,0.06,0.8,3e-06,3e-05,9,1.5,SAC305,7.92639893362205,-0.034220669971546096,0.02817018958739934,215,SAC105,0.249618496745825,0.35146715492010094
0.25,0.04,0.4,9e-06,3e-05,3,1.5,SAC105,5.64613241355241,-0.07553194813954174,0.042170161133981254,216,SAC205,0.0033793371330830295,0.34623341262340596
0.75,0.02,0.4,9e-06,2.5e-05,3,1.0,SAC405,14.0790628599633,-0.06634006462991233,0.05754009773954741,217,SAC305,0.014635612955316901,0.34947355836629895
0.25,0.04,0.8,3e-06,2e-05,9,2.0,SAC405,11.0877706435155,-0.03914527021697722,0.026370330248028012,218,SAC205,0.013079975149594199,0.16486954316496902
0.25,0.04,0.4,3e-06,2e-05,6,2.0,SAC105,5.26605554415287,-0.06538601533975444,0.0551076885312794,219,SAC305,0.023606922826729698,0.5975563923517789
0.25,0.04,0.8,6e-06,2e-05,3,1.0,SAC105,6.13527961889789,-0.03830656991340219,0.0376498828118201,220,SAC105,0.014662254310678701,0.203426670283079
0.5,0.04,0.4,9e-06,3e-05,6,2.0,SAC405,10.3294487798683,-0.08303332718787708,0.03647369364625769,221,SAC305,0.0023471548920497394,0.257325857877731
0.25,0.06,0.4,9e-06,2e-05,9,1.5,SAC105,4.65041011954133,-0.08499017782742156,0.179644800722599,222,SAC405,0.033637774642556906,0.175072260200978
0.5,0.04,0.4,6e-06,2.5e-05,9,1.5,SAC105,6.36971744105431,-0.06989438089658499,0.029217110102763382,223,SAC305,0.0171817592345178,0.519087816278139
0.75,0.04,0.8,6e-06,2e-05,6,1.0,SAC105,6.40904908831602,-0.03632742559420873,0.0439967792481183,224,SAC105,0.00269574264530093,0.435706578195095
0.25,0.06,0.4,3e-06,2.5e-05,3,1.5,SAC205,5.49319592117929,-0.06357427244074637,0.02160266246937678,225,SAC305,0.0132347999606282,0.117396865040064
0.25,0.04,1.2,9e-06,2.5e-05,9,1.0,SAC205,8.1323029407055,-0.03852289050701074,0.1097182985395192,226,SAC305,0.024876849493011798,0.222792252898216
0.75,0.04,0.4,6e-06,2e-05,6,2.0,SAC305,11.4064343122902,-0.05965619086055083,0.08861992135643951,227,SAC405,0.006988688721321502,0.18305781111121203
0.25,0.04,0.4,9e-06,2e-05,3,1.0,SAC205,7.20852666390611,-0.0849000173184322,0.07428745403012718,228,SAC105,0.012717845791485102,0.352641001343727
0.75,0.06,1.2,3e-06,3e-05,9,1.0,SAC205,6.88253220662897,-0.017463914118707166,0.0888110753148793,229,SAC305,0.00125804274421171,0.176056817173958
0.75,0.06,0.4,3e-06,2.5e-05,9,1.0,SAC105,6.01681197574643,-0.04834257179754779,0.1962002739310261,230,SAC105,0.0105762018647511,0.45732159912586196
0.75,0.06,1.2,9e-06,2e-05,3,2.0,SAC305,7.41740989413135,-0.03364772078930393,0.020165689755231073,231,SAC205,0.0512555078603327,0.114027708768844
0.25,0.06,0.8,9e-06,2.5e-05,9,1.0,SAC205,6.39047646146588,-0.046654069548821994,0.053065355139551636,232,SAC105,0.09045297466218451,0.6051443914572361
0.25,0.04,0.4,6e-06,2e-05,9,1.5,SAC205,6.8191441185168,-0.08721044185222124,0.1014761850237845,233,SAC405,0.00145487325789873,0.645748794078821
0.5,0.02,0.4,9e-06,2e-05,9,1.0,SAC205,8.3281658799511,-0.07162551424698903,0.0830583758652209,234,SAC205,0.008840765716740901,0.218501534312964
0.5,0.04,0.8,9e-06,2e-05,6,2.0,SAC405,9.54696239048948,-0.05318616688600735,0.041226425208151306,235,SAC105,0.17332717124372699,0.22645021229982404
0.25,0.06,0.8,6e-06,3e-05,3,1.5,SAC105,4.78942443734735,-0.036443405086174586,0.017019806866301165,236,SAC305,0.055764959193766006,0.819473812977465
0.75,0.06,1.2,9e-06,2.5e-05,3,1.0,SAC105,4.61298457336457,-0.032037153636338134,0.018486996181309168,237,SAC205,0.019831456011161198,0.09934956766664899
0.75,0.04,1.2,3e-06,2.5e-05,3,1.0,SAC305,9.78484578848587,-0.019446269317995694,0.03505448158830401,238,SAC305,0.0103384508402086,0.40641034642855306
0.25,0.04,1.2,3e-06,3e-05,9,1.0,SAC305,9.94624837156619,-0.021137345494935216,0.025167267507640596,239,SAC205,0.0233859881409444,0.18225789815187501
0.75,0.06,0.8,3e-06,3e-05,9,1.5,SAC305,7.68722065667019,-0.03141746218898324,0.2001809179782867,240,SAC305,0.0064309909357689096,0.16774219274520902
0.5,0.02,1.2,6e-06,2.5e-05,9,1.0,SAC405,12.1116875466697,-0.02990664273966097,0.08705279789865009,241,SAC105,0.0056751923984847095,0.22297428920865003
0.25,0.06,1.2,3e-06,3e-05,9,1.0,SAC405,9.59650131147026,-0.0215604053228162,0.22388841211795701,242,SAC105,0.00631809381957281,0.23577113449573497
0.75,0.04,0.4,3e-06,3e-05,6,1.5,SAC405,11.9032122716544,-0.05155777541222046,0.030145240831188816,243,SAC305,0.0731305088847867,0.10372780263423897
0.5,0.02,0.4,3e-06,2e-05,3,1.5,SAC405,10.2782834714351,-0.06836380786262453,0.048652578145265496,244,SAC405,0.051901251077651284,0.38733521848917
0.25,0.02,0.8,9e-06,3e-05,9,1.0,SAC205,8.65638969036135,-0.040260248410049826,0.0692254626192152,245,SAC405,0.0006699327037722499,0.31424634903669396
0.75,0.02,0.4,6e-06,2.5e-05,6,2.0,SAC205,10.4947756663327,-0.05085080605931575,0.024506081012077543,246,SAC405,0.004386606975458491,0.32016864418983504
0.75,0.06,0.8,3e-06,3e-05,6,1.0,SAC405,8.85279034133186,-0.02995341600035311,0.1063721142709254,247,SAC105,0.016292237356537904,0.22180834785103803
0.25,0.02,1.2,6e-06,2e-05,9,2.0,SAC105,7.07366855075155,-0.026861471764277646,0.1947544440627097,248,SAC205,0.00133325745082402,0.16183117404580102
0.25,0.02,1.2,6e-06,2e-05,9,2.0,SAC305,10.3787307857711,-0.03168309695320195,0.02891286558588029,249,SAC305,0.007253894698806102,0.479950293898582
0.5,0.02,0.8,6e-06,2.5e-05,3,2.0,SAC105,7.32292484181162,-0.03304335445864122,0.00997954304330051,250,SAC105,0.0363242668681778,0.71013092497984
0.5,0.02,1.2,6e-06,2e-05,6,1.0,SAC205,9.66851995979742,-0.02759921859251327,0.01805677305674172,251,SAC105,0.024161528097465603,0.181702129542828
0.25,0.04,0.4,3e-06,3e-05,3,2.0,SAC405,8.394043998673,-0.07188823520846194,0.0478979777544736,252,SAC405,0.0093427423853427,0.273562170565128
0.5,0.02,0.8,3e-06,3e-05,6,1.5,SAC105,8.20564890814368,-0.028745817719027324,0.14517762511968552,253,SAC305,0.00330775682232334,0.7925378233194269
0.5,0.06,0.8,9e-06,2e-05,3,2.0,SAC405,8.28286917352267,-0.05148356608697206,0.033624164760112686,254,SAC405,0.007478372775949498,0.5096204926570171
0.75,0.04,0.4,6e-06,2.5e-05,6,1.0,SAC405,12.5435364682327,-0.06071868643630287,0.047676466609118465,255,SAC405,0.0022772065130993707,0.348291551073393
0.25,0.02,1.2,9e-06,2e-05,6,1.0,SAC205,8.75867027226603,-0.030060495366342366,0.03611447731964283,256,SAC205,0.06561973737552709,0.08247724547982202
0.25,0.04,0.4,6e-06,3e-05,3,1.5,SAC305,7.61481050656903,-0.07859505197848193,0.026942790005705226,257,SAC305,0.0050658034451772,0.267213709652424
0.5,0.04,1.2,6e-06,3e-05,3,1.0,SAC305,9.37953471630877,-0.027963479049503796,0.022609274717979053,258,SAC105,0.0381737070856616,0.8911643723646799
0.75,0.04,0.8,3e-06,3e-05,9,1.0,SAC305,9.32276412835878,-0.03175679547712203,0.0337326665758155,259,SAC105,0.0143930237973109,0.434949457645416
0.25,0.02,0.4,6e-06,2e-05,3,1.5,SAC305,8.81131171746068,-0.08146892696095157,0.02757144256611346,260,SAC305,0.023410603869706406,0.710345556338624
0.25,0.02,0.4,3e-06,2.5e-05,3,1.0,SAC305,8.62000435478628,-0.07095166681392583,0.03846958019130394,261,SAC105,0.08743015676736761,0.16588114947080598
0.75,0.02,0.8,3e-06,2.5e-05,3,1.5,SAC405,13.2958204964451,-0.03381648426875466,0.048734376206994036,262,SAC305,0.0124873615859542,0.21255400031805
0.5,0.06,0.8,3e-06,3e-05,9,1.0,SAC405,9.09205204157939,-0.03606870319345034,0.043226931418757816,263,SAC205,0.0214275314938277,0.382623165845871
0.75,0.06,1.2,6e-06,2e-05,3,2.0,SAC305,7.79435674034319,-0.027325855742674248,0.01838818751275539,264,SAC305,0.010756295116152599,0.6630406081676389
0.5,0.04,0.4,6e-06,2.5e-05,3,2.0,SAC105,6.3697391039776,-0.06424169297679326,0.024997126427479067,265,SAC405,0.028865810483694097,0.11136898770928397
0.5,0.06,0.8,3e-06,2e-05,6,1.0,SAC105,4.90866178577334,-0.03161281705251885,0.11004880070686329,266,SAC205,0.014124399807769802,0.386873406668504
0.25,0.02,0.8,9e-06,2e-05,9,2.0,SAC205,8.65697512964176,-0.04864610015647486,0.17901713401079172,267,SAC205,0.0167380829807371,0.5950498282909349
0.5,0.04,1.2,9e-06,2.5e-05,6,1.5,SAC205,7.73059890705396,-0.0352039079589303,0.029338261374505143,268,SAC205,0.0767641365528098,1.15960197647413
0.5,0.04,0.4,9e-06,2e-05,9,2.0,SAC205,8.49476949410448,-0.07724453299306333,0.1305128987878552,269,SAC405,0.00070203009414627,0.28390850871801404
0.75,0.06,1.2,6e-06,2.5e-05,9,1.5,SAC405,8.96381171955123,-0.02697384374914689,0.030737446853890925,270,SAC205,0.016313962405547503,0.30628205835819294
0.25,0.02,1.2,6e-06,2.5e-05,3,1.5,SAC405,11.7778282487501,-0.027616643812507363,0.033524582744576016,271,SAC305,0.014750713715329801,0.36465322971344
0.25,0.02,0.4,3e-06,2e-05,3,1.5,SAC305,8.62005789303241,-0.0722778556519187,0.039373180057736955,272,SAC405,0.0447490103542805,0.284111820161342
0.25,0.06,1.2,9e-06,2.5e-05,6,2.0,SAC405,8.96103435703134,-0.03428106954379467,0.028087675862479945,273,SAC305,0.010439809237141199,0.08316782116889998
0.5,0.02,1.2,6e-06,2.5e-05,6,2.0,SAC305,10.844557538337,-0.02853202610276636,0.017989053623750723,274,SAC105,0.020173972094198703,0.25196877494454406
0.75,0.04,1.2,3e-06,3e-05,9,2.0,SAC205,8.50858830668829,-0.01985827594762662,0.1209712401032447,275,SAC205,0.0136467241245555,0.31488036364316996
0.75,0.02,0.8,3e-06,2e-05,6,1.5,SAC205,10.6584527787526,-0.03162670508027069,0.02053490537218744,276,SAC405,0.0080433097900823,0.32503001391887704
0.5,0.02,0.8,6e-06,3e-05,6,1.5,SAC405,11.7536700917283,-0.04462804435752327,0.029117697151377762,277,SAC105,0.001470382365369,0.412566021084785
0.25,0.04,1.2,6e-06,2.5e-05,3,2.0,SAC105,6.1602110420049,-0.023971317597897716,0.02151482366025438,278,SAC205,0.016966562427114702,0.48927479485670705
0.75,0.06,0.8,9e-06,2.5e-05,3,1.5,SAC205,6.95767478125328,-0.04284287797054268,0.033677365165203775,279,SAC205,0.0314266654895618,0.42250350862741504
0.5,0.02,0.8,3e-06,2.5e-05,9,1.5,SAC305,11.2994040522271,-0.03440026758471496,0.1780304983258241,280,SAC405,0.0039062909199856,0.30146694928407597
0.25,0.04,1.2,9e-06,2e-05,9,2.0,SAC105,5.88132224451796,-0.03077016980387268,0.022886891005327904,281,SAC205,0.0060470086900749394,0.538834954301507
0.5,0.02,0.4,3e-06,2e-05,3,1.5,SAC405,10.2783229000088,-0.06789595214650028,0.02290318894665681,282,SAC205,0.0022385260608643893,0.33327184617519395
0.25,0.02,0.4,9e-06,2e-05,6,1.0,SAC105,5.40485526783033,-0.06722673200420103,0.1045968048274517,283,SAC205,0.013136751251295202,0.6487671583890869
0.75,0.04,0.4,3e-06,3e-05,9,1.5,SAC305,10.7968995550594,-0.05477719282498575,0.18736717104911732,284,SAC105,0.00818956164584961,0.21930760517716402
0.25,0.04,0.8,9e-06,2e-05,6,1.5,SAC205,7.99552911408806,-0.05105121075757774,0.033715359313646234,285,SAC105,0.005552356029511391,0.32751305401325204
0.25,0.04,0.8,3e-06,2e-05,9,1.0,SAC105,6.4141105546837,-0.02956992969848212,0.017943062994163397,286,SAC405,0.0018532157982917904,0.295880397160848
0.25,0.04,0.8,3e-06,2e-05,6,1.0,SAC305,9.78952303879832,-0.03500225630705237,0.03724987315945323,287,SAC105,0.0354579540435225,0.52102131644884
0.5,0.04,1.2,9e-06,2e-05,6,1.5,SAC405,9.958915693565,-0.03700857039075344,0.08474583830684419,288,SAC305,0.0089915902353823,0.616872658332183
0.75,0.04,1.2,9e-06,3e-05,6,1.5,SAC205,7.98840098733488,-0.031419577193446416,0.01754796307068316,289,SAC205,0.007220890664029799,0.254518926143646
0.25,0.06,0.8,6e-06,3e-05,3,2.0,SAC305,7.89436006763481,-0.0394204503973014,0.016157803038367925,290,SAC105,0.075707164127379,0.8806207974751711
0.25,0.04,1.2,6e-06,3e-05,3,1.0,SAC205,8.2904931480227,-0.02495690126670519,0.059648418333381414,291,SAC205,0.0031034766143420694,0.371995188295841
0.75,0.02,1.2,3e-06,2e-05,9,1.5,SAC405,12.8605590634748,-0.022769790841266423,0.084117954596877,292,SAC405,0.0364216336747631,0.27499801665544604
0.25,0.02,0.4,3e-06,3e-05,6,1.5,SAC105,5.45476167634141,-0.057030041760299334,0.0558617366477846,293,SAC405,0.0305512179620564,0.9334621032078971
0.75,0.06,0.8,6e-06,3e-05,9,1.0,SAC205,6.43449912396838,-0.0369021801452618,0.050392625853419235,294,SAC105,0.0046242489625001005,0.325229704380036
0.75,0.06,1.2,3e-06,2e-05,3,1.5,SAC405,9.29105304356696,-0.02005669215577646,0.03091009799391024,295,SAC205,0.016196616634260797,0.30132792890071897
0.75,0.04,1.2,6e-06,2.5e-05,6,1.5,SAC405,10.4538397420079,-0.028360300755593874,0.031216655508615004,296,SAC405,0.104895373340696,0.574258873860041
0.75,0.06,1.2,9e-06,3e-05,3,1.0,SAC205,6.32795578957687,-0.03128941741306332,0.02900459483498698,297,SAC405,0.0373881281120703,0.17638789117336298
0.75,0.06,0.4,6e-06,2e-05,6,2.0,SAC405,10.3568792392747,-0.06124097979045471,0.03240644745528695,298,SAC105,0.026567598630208602,0.250414855778217
0.5,0.02,1.2,9e-06,2e-05,9,1.0,SAC205,8.94452697333762,-0.03192693309392779,0.1139553412795066,299,SAC105,0.0259580606361851,0.27497042715549497
0.75,0.06,0.8,9e-06,2.5e-05,6,1.5,SAC405,8.79280390691467,-0.045757653570035375,0.04004930716473606,300,SAC305,0.0190128735266626,0.321978658437729
