RadViz_X,RadViz_Y,Bulk silicon thickness,Bump solder height,Substrate core thickness,"Substrate core (E, CTE)","UF (E, CTE)",Lid foot width,Lid thickness,Cu-pillar bump solder material,BGA solder material,Obj_ELK stress,Obj_Warpage Post UF cure,Obj_Warpage post lid attach,Obj_DeltaW_BGA,Obj_DeltaW_bump
0.016091779878524688,-0.5853925044908097,0.25,0.06,1.2,3e-06,2e-05,9.0,1.0,SAC405,SAC405,9.473232978454861,-0.021366605217458326,0.1514448691976098,0.017955397330878146,0.0
-0.011226793563963196,-0.047557423423794556,0.25,0.06,0.4,3e-06,3e-05,3.0,2.0,SAC105,SAC405,4.252946008648014,-0.05731845694328785,0.023338096518213513,0.016649825382318746,0.30019614245073145
0.016091779878524688,-0.5853925044908097,0.25,0.06,1.2,3e-06,2e-05,9.0,1.0,SAC405,SAC405,9.473232978454861,-0.021366605217458326,0.1514448691976098,0.017955397330878146,0.0
-0.20840179541721993,-0.11260168361243768,0.75,0.06,1.2,9e-06,2.5e-05,9.0,2.0,SAC405,SAC405,8.736171797368941,-0.033830484835847746,0.0009047780122977828,0.026645458323267413,0.2918256227458749
-0.35029917123782517,-0.025913382939555005,0.75,0.02,0.4,9e-06,2e-05,3.0,2.0,SAC405,SAC405,13.652613130779223,-0.06525642654492941,0.02332301060072678,0.0,0.36309430133868204
-0.06292803070790395,-0.014788597717458968,0.25,0.04,0.4,9e-06,2e-05,9.0,1.5,SAC405,SAC205,9.172745841884971,-0.0920835349476776,0.06489828624342792,0.0,0.20501264457862828
-0.19894995850016345,0.22643340701975673,0.25,0.02,0.4,9e-06,3e-05,3.0,1.5,SAC305,SAC105,8.7666202548463,-0.08059144365026194,0.034931297405465106,0.009106115374671483,1.010526999252042
0.09745690050741376,-0.09543707702989095,0.25,0.04,1.2,3e-06,2.5e-05,3.0,1.5,SAC105,SAC105,6.509232763635396,-0.016043469214274155,0.007785301832321095,0.19966043394778185,0.15483025855795168
0.09522640356931615,0.07193072628003284,0.25,0.04,0.4,3e-06,2.5e-05,3.0,2.0,SAC105,SAC105,5.249808806802499,-0.06022574404569761,0.012730768655153678,0.14362319685529976,0.28282261491423666
0.11885340564793076,-0.12754079089556664,0.25,0.06,1.2,3e-06,2.5e-05,3.0,1.5,SAC105,SAC105,5.33615115369032,-0.0170592391290519,0.012699439900187057,0.1786941723963739,0.1046871111342979
-0.17780383083182566,0.21285702719777097,0.25,0.02,0.4,9e-06,3e-05,3.0,2.0,SAC305,SAC305,8.72014535171413,-0.08184726326887803,0.030198593430444943,0.018260586166852832,0.922244921738698
-0.1581359023025586,0.13224182922558247,0.25,0.02,0.4,6e-06,3e-05,6.0,2.0,SAC305,SAC305,8.548976149362899,-0.08144442200844482,0.037389085449252527,0.000485233508105528,0.7686352660843485
-0.3143246565324907,-0.08993373155462492,0.75,0.02,0.4,3e-06,2e-05,3.0,1.0,SAC405,SAC405,12.639467746728926,-0.05523622978189454,0.031118681784532917,0.0,0.3180564350138213
-0.19056852992135387,0.2153587426715608,0.25,0.02,0.4,6e-06,3e-05,3.0,2.0,SAC305,SAC305,8.564172348476086,-0.07884380043461443,0.029006139388234434,0.014167779828598364,0.9691405925189518
-0.13847809912407372,0.08752203566426042,0.25,0.02,0.4,6e-06,3e-05,6.0,1.0,SAC305,SAC305,8.569241580116753,-0.07960881753087021,0.041931110299714476,0.002510357406581374,0.64891837253892
-0.2709063386369847,-0.17041897608196396,0.25,0.02,0.8,6e-06,2e-05,3.0,1.0,SAC405,SAC405,11.671162018729751,-0.044674197365135615,0.03695184898471679,0.0005652208767782975,0.20969070822653468
-0.3382730452235768,-0.04375325077594762,0.75,0.02,0.4,6e-06,2e-05,3.0,1.5,SAC405,SAC405,13.102552646438458,-0.06060528451782268,0.028257342464229805,0.0,0.3887005683705311
0.09751247755599396,0.04606457168411375,0.25,0.04,0.4,3e-06,2.5e-05,3.0,1.0,SAC105,SAC105,5.2653933232199295,-0.05970892212228586,0.021338615654968314,0.13366580412960355,0.2633525933295239
-0.05665934008388723,0.048359708548028,0.25,0.02,0.4,9e-06,3e-05,3.0,1.5,SAC105,SAC105,5.459128514472209,-0.06393502891350475,0.04705129419910257,0.005270230895254056,0.726302581095021
0.031423649557091,-0.5404110849172358,0.5,0.06,1.2,3e-06,2e-05,9.0,1.0,SAC405,SAC305,9.30363195899221,-0.024155092403433862,0.14579943997724704,0.027704349598468615,0.0
0.1272629047236603,-0.13263891442685832,0.25,0.06,0.4,6e-06,2.5e-05,9.0,1.0,SAC105,SAC405,4.394947673513581,-0.07076303805599585,0.1155592391509126,0.005748156224452305,0.22008827893915375
-0.06415370142333572,0.02179732866105854,0.25,0.02,0.4,9e-06,2e-05,9.0,1.5,SAC305,SAC305,8.769952412379567,-0.08892285279357469,0.07470445872801681,0.0,0.4306586049123786
-0.0064347958057379,-0.4285945613339513,0.25,0.06,1.2,3e-06,2e-05,6.0,1.5,SAC405,SAC105,9.439567152451085,-0.01984895640015559,0.09909429762181982,0.07549973058739048,0.013270822741744792
-0.19162973871850808,0.0023546749822785772,0.75,0.02,0.4,9e-06,2e-05,6.0,2.0,SAC105,SAC405,8.022331061696944,-0.05232337691509805,0.015558261470531236,0.003766263674592471,0.5858570048918225
-0.010368917862546291,-0.4617906926702164,0.25,0.06,1.2,6e-06,2e-05,9.0,1.0,SAC405,SAC305,9.177970912797875,-0.029029369391517637,0.13276291817099453,0.013247955554048101,0.03208489351641197
0.09745690050741376,-0.09543707702989095,0.25,0.04,1.2,3e-06,2.5e-05,3.0,1.5,SAC105,SAC105,6.509232763635396,-0.016043469214274155,0.007785301832321095,0.19966043394778185,0.15483025855795168
0.08750822319904762,-0.29134896824141976,0.25,0.06,1.2,6e-06,2e-05,9.0,2.0,SAC105,SAC105,5.13698130429822,-0.02797223635365688,0.08606272681382876,0.04845744152196875,0.0666724705158207
0.08264011937995357,-0.20065837120524468,0.25,0.06,0.4,3e-06,2.5e-05,9.0,1.0,SAC405,SAC405,7.466084675871498,-0.07136116244713514,0.13933008094118382,0.0,0.1402646231402269
-0.04024329631911276,-0.3541407977865149,0.25,0.06,0.8,3e-06,2e-05,9.0,1.5,SAC405,SAC305,9.211352532522353,-0.036610724691790004,0.1084697624682528,0.01701702224968584,0.03622032130184072
0.0017172062830838677,-0.18254368097850318,0.25,0.04,1.2,3e-06,2.5e-05,9.0,1.5,SAC105,SAC105,6.529385586061797,-0.01835782601097584,0.01649402271706648,0.12077743138064524,0.0857636581996094
0.14000349923160194,-0.12435541200352883,0.25,0.06,1.2,3e-06,2.5e-05,3.0,2.0,SAC105,SAC105,5.326177857444341,-0.017177919379001004,0.016042751434062884,0.18675047952549284,0.10993408942414828
0.0008521141595326233,-0.16125897745335296,0.25,0.06,0.8,9e-06,2e-05,9.0,1.5,SAC105,SAC105,4.969823011120465,-0.04693977105136655,0.053585730095915406,0.006163736904807187,0.14755618896695313
-0.2699793734007102,-0.09261228858718643,0.75,0.02,0.8,9e-06,2e-05,3.0,2.0,SAC205,SAC105,9.836989024930226,-0.040361705822917864,0.004617819612632225,0.0,0.3750827903024143
0.09522640356931615,0.07193072628003284,0.25,0.04,0.4,3e-06,2.5e-05,3.0,2.0,SAC105,SAC105,5.249808806802499,-0.06022574404569761,0.012730768655153678,0.14362319685529976,0.28282261491423666
-0.20657679368043033,-0.04427473343717549,0.75,0.02,0.4,3e-06,2e-05,3.0,2.0,SAC105,SAC405,7.9976175384780035,-0.044009342044344,0.010643736611401798,0.0,0.5197888286221233
-0.1616301801879819,0.10065398142422437,0.25,0.02,0.4,9e-06,2.5e-05,3.0,2.0,SAC405,SAC205,10.206978208761656,-0.08552381819804451,0.04067958557443733,0.017620991895611747,0.5580786239950655
-0.27056985310621484,-0.09562158861235096,0.75,0.04,0.4,6e-06,2e-05,3.0,2.0,SAC405,SAC405,12.579629895084013,-0.06107567371650052,0.03947532748217039,0.002827462506677071,0.23808561775046902
0.02412526075446036,-0.017832099273806693,0.25,0.04,0.4,9e-06,2.5e-05,9.0,2.0,SAC205,SAC205,7.145285817211633,-0.08741058414743419,0.09012768492700846,0.009284900498728137,0.33384221045253454
-0.015283622233566654,-0.19360470400754093,0.25,0.04,1.2,3e-06,2e-05,3.0,1.5,SAC105,SAC105,6.546866799570683,-0.01634071963234873,0.010877099750048087,0.11573235240154782,0.05695047544990267
0.17298699430082107,-0.3339913269121712,0.25,0.06,0.8,3e-06,2.5e-05,9.0,1.0,SAC105,SAC105,5.155728813059811,-0.030267140407925545,0.12000340596459808,0.059253945367819805,0.09945616323907591
-0.18854760841927037,-0.08281860504557238,0.75,0.02,0.8,9e-06,2e-05,3.0,1.5,SAC105,SAC105,7.612319504274797,-0.03907324716546675,0.014680586206131156,0.0,0.4627877010911535
-0.3201051171612308,0.004235000829519297,0.75,0.02,0.4,9e-06,2e-05,6.0,2.0,SAC305,SAC405,12.134958346284472,-0.061586266956967006,0.02410911822929647,0.0009825790287621879,0.5124075163387128
-0.01857076932691866,-0.18411274774183498,0.5,0.06,1.2,3e-06,2e-05,3.0,1.5,SAC205,SAC105,6.9578898210594,-0.01966221590126951,0.01733193695546366,0.11471203850637601,0.08679230498594659
0.07683497124702697,-0.14907371336003236,0.25,0.06,0.4,6e-06,2e-05,9.0,1.0,SAC405,SAC405,7.627047070302823,-0.08192563034232911,0.12952647156998476,0.002801560612460355,0.09894147114999291
-0.2705840521968462,-0.06128624427293552,0.75,0.02,0.4,3e-06,2e-05,3.0,2.0,SAC205,SAC405,10.519189334795508,-0.04938816036288426,0.012689990424637643,0.0017592269677014077,0.39638194360841383
0.011334288544385972,-0.16997481605407835,0.25,0.04,1.2,3e-06,2.5e-05,9.0,2.0,SAC105,SAC105,6.4708683374528455,-0.01814394743428798,0.013318561543057286,0.13093627704302827,0.0889917514476688
-0.1710814505286963,-0.13102086698246915,0.75,0.04,0.8,9e-06,2e-05,3.0,2.0,SAC205,SAC105,8.46757885280302,-0.04254163588886291,0.025412934649871346,0.0023684903365282714,0.27140865694281135
0.05618426600900455,-0.2778276428719339,0.25,0.06,1.2,3e-06,2e-05,6.0,1.5,SAC105,SAC105,5.350998229082951,-0.018059003385379732,0.05164645530903337,0.08034869594019031,0.009996923619581488
-0.39327355283489956,-0.2096264647125088,0.75,0.02,0.8,3e-06,2e-05,3.0,1.0,SAC405,SAC405,13.330635078051849,-0.034754048479036175,0.02905194491296074,0.0,0.2432746253822877
-0.1474377481026219,0.1344451697895423,0.25,0.02,0.4,9e-06,3e-05,6.0,2.0,SAC305,SAC205,8.683545990692934,-0.08317830752539462,0.038510392644708326,0.007387169784102719,0.7363796058923722
-0.061943868156635044,0.0827371255195941,0.25,0.06,0.4,9e-06,3e-05,3.0,2.0,SAC305,SAC105,6.795229337361247,-0.07920181135570706,0.030468219466003647,0.024747371658297535,0.542001535581661
0.049379997025887364,-0.1342988603352699,0.25,0.06,0.4,3e-06,2e-05,6.0,1.5,SAC405,SAC105,7.389006808265774,-0.06988618766212709,0.09692525563038931,0.027929975048472833,0.10798981677752673
-0.1684571003956308,0.05258828357260773,0.25,0.02,0.4,6e-06,3e-05,3.0,1.0,SAC405,SAC405,9.720160221315652,-0.08042129451125082,0.03470737675322779,0.0,0.4936883541600581
0.04711913345990861,-0.09490438391176265,0.25,0.06,0.4,9e-06,2e-05,9.0,1.0,SAC305,SAC305,6.8165953646301345,-0.08303305330210525,0.10032631785394183,0.0,0.14957551153485055
-0.2633527347330866,-0.08441976018019694,0.75,0.02,0.8,9e-06,2e-05,6.0,2.0,SAC205,SAC405,9.615073061052044,-0.04058607373870405,0.012364616611863492,0.0,0.4413409733570267
0.12902680644856301,-0.30555307189015074,0.25,0.06,0.8,3e-06,2e-05,9.0,1.5,SAC105,SAC105,5.250492942391383,-0.03208119580248529,0.10382543637000924,0.05264959535316488,0.050985491812739314
0.0756075514222791,-0.07769470499912094,0.25,0.06,0.4,6e-06,2.5e-05,9.0,2.0,SAC105,SAC405,4.4416618833306645,-0.0715247916090185,0.0828494105524463,0.008978355603870437,0.2667414187447573
-0.2709160755499739,-0.053282519986955816,0.75,0.02,0.4,3e-06,2e-05,3.0,1.5,SAC205,SAC405,10.455772030457162,-0.05030555904321946,0.012790039445311152,0.0,0.4177811514242058
-0.17961167228311178,-0.3435871464078978,0.25,0.04,1.2,3e-06,2e-05,9.0,1.5,SAC405,SAC205,11.089949120826926,-0.02253067445686295,0.06155835367526612,0.05484391996143079,0.04050622881842941
-0.26793118454136433,-0.04274266599413634,0.75,0.02,0.4,6e-06,2e-05,3.0,1.5,SAC205,SAC405,10.669677409450003,-0.05355787878272951,0.023200916231041983,0.0,0.45876199164337933
0.1410288046021008,-0.20229393878176308,0.25,0.06,0.4,3e-06,2e-05,9.0,1.0,SAC105,SAC405,4.425943582510845,-0.06209497604238667,0.12221374198186062,0.007787529160052528,0.09277101406198668
-0.17780383083182566,0.21285702719777097,0.25,0.02,0.4,9e-06,3e-05,3.0,2.0,SAC305,SAC305,8.72014535171413,-0.08184726326887803,0.030198593430444943,0.018260586166852832,0.922244921738698
-0.0683463925002555,-0.14044729197427197,0.25,0.06,0.8,3e-06,2.5e-05,9.0,2.0,SAC305,SAC105,7.998435429673564,-0.0337272704066414,0.020926791347370993,0.0861105285402878,0.11882609543741779
-0.08687619929699786,-0.1016927646832939,0.5,0.04,0.8,9e-06,2e-05,3.0,2.0,SAC105,SAC105,5.910346568502133,-0.045948707489326376,0.023928850718932054,0.0011016178638470417,0.2985755118780197
-0.25706437327866816,-0.30660377406215483,0.75,0.04,1.2,3e-06,2e-05,3.0,1.0,SAC405,SAC405,11.379158206932924,-0.021807299332975677,0.03705082232779252,0.0313758409325144,0.05068243474479717
-0.07371361860735105,-0.48107791790122495,0.25,0.06,1.2,3e-06,2e-05,6.0,1.0,SAC405,SAC405,9.466127579725708,-0.01962227181558325,0.11099613160701366,0.014638788044188972,0.0
0.24005779648944775,-0.4526694056304604,0.25,0.06,1.2,3e-06,2.5e-05,9.0,1.0,SAC105,SAC105,5.3395516838520205,-0.018636631363009557,0.13575793274230422,0.07958703020874075,0.04666092645975961
0.13245548894526568,-0.3064196496850132,0.25,0.06,1.2,3e-06,2.5e-05,9.0,2.0,SAC105,SAC105,5.313084080722662,-0.019025244200797414,0.0778191305152834,0.09695832188557509,0.04837837332600292
0.11885340564793076,-0.12754079089556664,0.25,0.06,1.2,3e-06,2.5e-05,3.0,1.5,SAC105,SAC105,5.33615115369032,-0.0170592391290519,0.012699439900187057,0.1786941723963739,0.1046871111342979
0.09346085146445132,-0.2211724859780069,0.25,0.06,0.4,3e-06,2e-05,9.0,1.0,SAC405,SAC405,7.471837536716201,-0.07171784393115482,0.1424620625804814,0.0,0.06163887485824693
-0.1364018146757459,-0.32115684366566344,0.75,0.06,1.2,3e-06,2e-05,3.0,1.0,SAC405,SAC305,9.215437573497605,-0.02013710038730576,0.050092526687581414,0.03830452913244427,0.02138344830142208
-0.11056201095248433,0.03725523599912834,0.25,0.02,0.4,9e-06,2e-05,9.0,1.5,SAC405,SAC305,10.070395837407286,-0.09110457569190919,0.06470203041055038,0.0035749592724086676,0.4060266168153047
-0.08065465221268274,-0.2664236150279592,0.25,0.06,1.2,3e-06,2e-05,9.0,1.5,SAC205,SAC405,7.063808674650666,-0.019995627824922323,0.03577254566052179,0.038845060144884466,0.05473368189506822
-0.3362544108110079,-0.03110179800778644,0.75,0.02,0.4,9e-06,2e-05,3.0,1.5,SAC405,SAC405,13.533088751219683,-0.06604236135417688,0.029567643745129487,0.0,0.36181926233848344
-0.1702484913329296,-0.23788438826016353,0.25,0.04,0.8,3e-06,2e-05,9.0,1.5,SAC405,SAC305,10.883857711855967,-0.038271739458793044,0.055186113490226646,0.03703418111790391,0.07452221896673988
-0.03275686350649628,0.012345406075429183,0.25,0.02,0.4,9e-06,2.5e-05,6.0,1.5,SAC105,SAC105,5.3223725248204,-0.06705227701041919,0.048569023733211876,0.003249829687849825,0.5682610544339529
-0.1471795906695111,-0.26512406593776994,0.25,0.06,1.2,3e-06,2.5e-05,3.0,1.0,SAC305,SAC405,8.375216931961745,-0.017492698644869513,0.026657596598358996,0.04274915644108407,0.0890925481252457
-0.007040525097529189,-0.35274046832568284,0.25,0.06,1.2,3e-06,2e-05,3.0,1.5,SAC405,SAC105,9.465851153850586,-0.019146442561902333,0.07392368210998772,0.11010411049668915,0.015362910557925769
-0.2720223850552329,-0.07953780417465865,0.75,0.02,0.8,9e-06,2e-05,3.0,1.5,SAC205,SAC405,9.756869041301691,-0.04098002741506832,0.0056257659297818535,0.0,0.4202413604136803
0.019582820849737746,-0.21413502806537102,0.25,0.06,1.2,3e-06,2e-05,3.0,2.0,SAC105,SAC105,5.407683272095378,-0.017692434337226424,0.020178585389077616,0.09688369208927895,0.023194804948178382
0.030887361401093435,-0.17484536600580655,0.25,0.06,0.4,3e-06,2e-05,6.0,1.0,SAC405,SAC405,7.3955420211406455,-0.06920420717657226,0.10483727448395197,0.0,0.06446181164651232
-0.01740051771793378,0.02788568539286213,0.25,0.04,0.4,9e-06,2.5e-05,3.0,2.0,SAC105,SAC205,5.567525278335515,-0.07364995271959368,0.026314857197411078,0.030466662096992496,0.3714946187940983
-0.25443247347503906,-0.10060535145928068,0.5,0.02,0.8,9e-06,2e-05,3.0,1.0,SAC405,SAC405,11.257745399986462,-0.053363722964983304,0.03263950983943843,0.0,0.3001123165484742
0.14000349923160194,-0.12435541200352883,0.25,0.06,1.2,3e-06,2.5e-05,3.0,2.0,SAC105,SAC105,5.326177857444341,-0.017177919379001004,0.016042751434062884,0.18675047952549284,0.10993408942414828
-0.1071903689978578,0.07626623249950269,0.25,0.02,0.4,9e-06,3e-05,3.0,2.0,SAC205,SAC305,7.611449935065985,-0.0777077446597848,0.04619208927120398,0.0,0.6623379341012727
-0.1702484913329296,-0.23788438826016353,0.25,0.04,0.8,3e-06,2e-05,9.0,1.5,SAC405,SAC305,10.883857711855967,-0.038271739458793044,0.055186113490226646,0.03703418111790391,0.07452221896673988
-0.033370678417746776,-0.0421740235180221,0.25,0.04,0.4,3e-06,2e-05,3.0,2.0,SAC305,SAC405,7.743182666392809,-0.07291635097264447,0.04443562236064948,0.03424035736847728,0.15981913851749036
-0.052570224800823816,-0.45272907768667303,0.5,0.06,1.2,3e-06,2e-05,6.0,1.0,SAC405,SAC305,9.296526560263054,-0.021899856844064258,0.10828654120600821,0.025360987954445354,0.0
-0.03439095769866473,0.04521618389991775,0.25,0.04,0.4,9e-06,2.5e-05,3.0,2.0,SAC205,SAC105,7.223770710788353,-0.08352438575759896,0.04006409081679573,0.02994899175124517,0.36508830929375263
-0.1581359023025586,0.13224182922558247,0.25,0.02,0.4,6e-06,3e-05,6.0,2.0,SAC305,SAC305,8.548976149362899,-0.08144442200844482,0.037389085449252527,0.000485233508105528,0.7686352660843485
0.021006373624500783,-0.31527189810715134,0.75,0.06,1.2,3e-06,2e-05,9.0,2.0,SAC205,SAC405,6.721892415079777,-0.019321036871361462,0.07049488356075952,0.06607308133558598,0.07227116801826666
-0.2814612484475252,-0.015196151319350147,0.75,0.02,0.4,9e-06,2e-05,3.0,1.5,SAC205,SAC405,10.99788589030294,-0.05773569443327358,0.014498170046815598,0.0,0.4598092712565202
-0.02984770348976854,-0.20943071827494888,0.25,0.04,1.2,3e-06,2e-05,9.0,1.5,SAC105,SAC105,6.526234674772224,-0.018395985171864894,0.016748050567438513,0.09291842630254629,0.04892060339071169
-0.18593047234402962,-0.0779942914491417,0.75,0.06,0.4,6e-06,2e-05,3.0,2.0,SAC405,SAC405,10.259074625055078,-0.05915251901205417,0.0265520161217204,0.013231294435532667,0.2143191803923158
-0.03277619465051862,-0.18805946984778393,0.25,0.06,1.2,9e-06,2e-05,6.0,1.5,SAC105,SAC105,5.022535547675423,-0.031801910432875155,0.03178131761713471,0.019629666013642542,0.12976321002602986
0.028101502453377242,-0.003968658941366989,0.25,0.04,0.4,3e-06,2.5e-05,9.0,1.0,SAC105,SAC105,5.278042952171505,-0.06315831366246563,0.016951418312515405,0.07605375374971944,0.19693133818542746
0.02338461869678378,-0.09832220751551898,0.25,0.06,0.4,3e-06,2e-05,6.0,1.5,SAC305,SAC205,6.368428251551415,-0.06753306111374222,0.0665755471266707,0.02450789654847334,0.12863086413600758
-0.05934680802713546,-0.2845866704365602,0.25,0.06,0.8,6e-06,2e-05,6.0,1.0,SAC405,SAC205,8.902640647811438,-0.043519437840100095,0.0928028650960511,0.005826574364193215,0.04654855569117761
-0.07493148432068447,-0.17901431272473545,0.25,0.06,1.2,6e-06,3e-05,3.0,2.0,SAC105,SAC205,5.026493917151695,-0.02543619969853645,0.022308572168255734,0.011703878025008704,0.25550135696023457
-0.020793638459434643,-0.16980063297194123,0.75,0.06,1.2,6e-06,2e-05,3.0,1.5,SAC105,SAC105,4.842759814560653,-0.026277500862120124,0.019365266588042288,0.050427790450761206,0.15390625630703972
-0.05185982122531577,-0.17315539439163447,0.25,0.06,0.8,3e-06,2e-05,3.0,1.0,SAC305,SAC105,8.153092838447794,-0.03180616449608343,0.031187327597149005,0.08979346634955515,0.08292658411591414
-0.015562159801375501,-0.022429500963832574,0.25,0.04,0.4,9e-06,2.5e-05,6.0,1.0,SAC205,SAC205,7.172426598712344,-0.0841295615117906,0.07106635396805153,0.0,0.30583507257126097
0.024272842248007378,-0.022044598009853245,0.25,0.04,0.4,3e-06,2e-05,3.0,2.0,SAC105,SAC105,5.385262515186607,-0.06262982373573926,0.02052314922189273,0.06892504936473332,0.16700233915390508
0.196357013923576,-0.42976629405019073,0.25,0.06,1.2,6e-06,2e-05,9.0,1.0,SAC105,SAC105,5.121735951958978,-0.027753399077946706,0.14821478069031957,0.03445979123015379,0.053341612108875225
-0.198595063541382,-0.020109578001553906,0.75,0.02,0.4,9e-06,2e-05,3.0,2.0,SAC105,SAC405,8.29149191180424,-0.05187478956485849,0.011867502160457753,0.0,0.5057236873288626
-0.058725517681092014,-0.20984480667276198,0.25,0.04,1.2,6e-06,2e-05,9.0,1.5,SAC105,SAC105,6.226049117593256,-0.027416775256066075,0.032325959439993335,0.03373674219800786,0.11549335942762615
0.0035441193847335476,-0.21550248612447642,0.25,0.06,0.8,3e-06,2e-05,9.0,1.0,SAC205,SAC105,6.97005593530273,-0.03374685665459072,0.059312479561074036,0.06282805569533427,0.10202654974716602
-0.18950884851590413,0.02497668639801385,0.75,0.02,0.4,9e-06,2.5e-05,6.0,2.0,SAC105,SAC405,7.787742922576273,-0.051266352459225666,0.024320280568073584,0.006129208741813538,0.7054058496489716
-0.0720419856973082,-0.06996583593855234,0.5,0.06,0.4,6e-06,2e-05,3.0,1.0,SAC405,SAC305,8.687041365853188,-0.07427489132966489,0.054666143540772816,0.008216161919980172,0.15585236649587128
-0.1298981710197183,0.05329056487272716,0.25,0.02,0.4,9e-06,2e-05,3.0,2.0,SAC305,SAC305,8.949485671447746,-0.0845557431181885,0.027061612029645517,0.005151103218234376,0.4075261088594603
0.017703939768364974,-0.14966447056289378,0.25,0.04,0.8,3e-06,2e-05,3.0,1.0,SAC105,SAC105,6.465329874550362,-0.030180054483461248,0.029230471989940377,0.10495097213354347,0.11531783322090544
-0.026521548542254168,-0.11819131155296503,0.25,0.06,0.4,3e-06,2e-05,3.0,1.5,SAC405,SAC305,7.378972863928513,-0.06878531346491389,0.06779961507815704,0.0,0.10880139102056782
-0.030889351869447117,-0.1748209361000565,0.25,0.06,1.2,6e-06,2.5e-05,3.0,1.5,SAC105,SAC105,5.063029620619298,-0.024787960473164262,0.018789238162179277,0.050509577766708995,0.1607675990218588
-0.017263147761906333,-0.025297838583355266,0.25,0.04,0.4,9e-06,2e-05,3.0,2.0,SAC105,SAC105,5.630264964529713,-0.07580825875246298,0.03750867099013693,0.004634598930822853,0.24255361349316656
-0.13634650880615184,-0.09763825850618779,0.25,0.06,0.8,9e-06,3e-05,3.0,1.0,SAC305,SAC305,7.64118289234981,-0.04607814520725199,0.02357687248976953,0.009591091060906009,0.3092413622059663
-0.05447075573767217,-0.19656482462266156,0.25,0.04,1.2,6e-06,2e-05,9.0,2.0,SAC105,SAC105,6.199652781735583,-0.02709185424941038,0.027955476587307907,0.04397376908598882,0.12527980491728635
-0.20840179541721993,-0.11260168361243768,0.75,0.06,1.2,9e-06,2.5e-05,9.0,2.0,SAC405,SAC405,8.736171797368941,-0.033830484835847746,0.0009047780122977828,0.026645458323267413,0.2918256227458749
-0.002857312625682841,-0.0509248698365192,0.25,0.06,0.4,3e-06,2e-05,3.0,1.0,SAC305,SAC105,6.357274005604246,-0.06611475809704623,0.03227401236961561,0.046113872419707116,0.12132007356877589
-0.1046247933279286,-0.20691624618326973,0.25,0.06,0.8,6e-06,2e-05,3.0,1.0,SAC305,SAC405,7.73041008370577,-0.039921810258896545,0.045296050531717265,0.00018517300613439883,0.0954653947000017
0.017703939768364974,-0.14966447056289378,0.25,0.04,0.8,3e-06,2e-05,3.0,1.0,SAC105,SAC105,6.465329874550362,-0.030180054483461248,0.029230471989940377,0.10495097213354347,0.11531783322090544
-0.09345442688560839,0.07288645796283771,0.25,0.02,0.4,9e-06,3e-05,6.0,1.5,SAC205,SAC105,7.602670374263823,-0.07823414910926121,0.05711153778591676,0.0,0.681598897397425
-0.18950884851590413,0.02497668639801385,0.75,0.02,0.4,9e-06,2.5e-05,6.0,2.0,SAC105,SAC405,7.787742922576273,-0.051266352459225666,0.024320280568073584,0.006129208741813538,0.7054058496489716
-0.08647362083934401,0.027197869781436453,0.25,0.06,0.4,9e-06,3e-05,3.0,2.0,SAC405,SAC105,7.909684350526425,-0.08121092154453302,0.03204777040315105,0.009943202159999498,0.35416256362662724
-0.3176724315798353,-0.011520264982197199,0.75,0.02,0.4,9e-06,2e-05,3.0,1.5,SAC305,SAC105,12.272419766314208,-0.06170732927937928,0.01865487723980893,0.0,0.43820200717515656
-0.04314255766099627,-0.009958920082491834,0.25,0.04,0.4,9e-06,2e-05,9.0,2.0,SAC305,SAC305,8.02634295977486,-0.08940533755631966,0.05798543530435447,0.0010960454306821604,0.22713263470703704
0.010276153601789595,-0.029805724925065544,0.25,0.06,0.4,6e-06,3e-05,9.0,2.0,SAC205,SAC105,5.6644145898075955,-0.07749578804751911,0.06633846619472394,0.00047729161328018826,0.34083822222970184
-0.13700152358696838,0.06949553050082541,0.25,0.02,0.4,6e-06,2.5e-05,6.0,2.0,SAC305,SAC305,8.668739103848427,-0.08031309911159076,0.0399013075252046,0.0,0.5797969652345701
-0.17961167228311178,-0.3435871464078978,0.25,0.04,1.2,3e-06,2e-05,9.0,1.5,SAC405,SAC205,11.089949120826926,-0.02253067445686295,0.06155835367526612,0.05484391996143079,0.04050622881842941
-0.13847455871516146,0.10319600546201867,0.25,0.02,0.4,9e-06,2.5e-05,3.0,2.0,SAC305,SAC305,8.919904043158384,-0.08256605743511275,0.026498070856946866,0.019093993159775426,0.5628162607546051
-0.011226793563963196,-0.047557423423794556,0.25,0.06,0.4,3e-06,3e-05,3.0,2.0,SAC105,SAC405,4.252946008648014,-0.05731845694328785,0.023338096518213513,0.016649825382318746,0.30019614245073145
-0.07947619882615656,-0.22215379349995024,0.75,0.06,1.2,3e-06,2e-05,3.0,2.0,SAC205,SAC405,6.709868836260724,-0.018544134235660044,0.013754033011390415,0.06020291962199061,0.05657859115609598
0.020168541036907805,-0.0029164839752180947,0.25,0.06,0.4,6e-06,2.5e-05,3.0,1.5,SAC105,SAC105,4.443382962048544,-0.06560830375740165,0.019678096820488385,0.046986401285979515,0.27034235647759647
-0.1940885732288384,-0.35126766091772427,0.25,0.04,1.2,3e-06,2e-05,3.0,1.0,SAC405,SAC205,11.139493772402693,-0.01922291199150897,0.053880740696154845,0.05808643099319035,0.01774637426333814
-0.014838378141561297,0.0018066748818844362,0.25,0.06,0.4,9e-06,3e-05,3.0,2.0,SAC105,SAC205,4.693991543871473,-0.07010382369926235,0.02165037956450591,0.016328612219600587,0.3349830379941724
-0.08399303427816031,-0.37133973336613185,0.25,0.06,1.2,6e-06,2e-05,6.0,1.0,SAC405,SAC405,9.178450168249759,-0.027920546880953804,0.09315754886394947,0.014545131103177532,0.04484468955017479
-0.06458310280520647,-0.12801511475783486,0.25,0.04,0.8,9e-06,2e-05,3.0,2.0,SAC105,SAC105,6.018394930856915,-0.045070246416437865,0.034990837831614406,0.007591379385252065,0.24030413894019637
0.01635344920233202,-0.029291593555376277,0.25,0.04,0.4,3e-06,2e-05,3.0,1.5,SAC105,SAC105,5.31198759488209,-0.06258883950852917,0.022973415516951055,0.057570448633161575,0.1825632983906236
-0.05083885234676764,-0.18142437862738203,0.75,0.06,1.2,6e-06,2e-05,3.0,1.5,SAC105,SAC405,4.842759814560653,-0.026277500862120124,0.019365266588042288,0.023947564267308263,0.17057562798892167
0.1268132038023012,-0.2743225058733696,0.25,0.06,0.8,3e-06,2.5e-05,9.0,1.5,SAC105,SAC105,5.167873136380574,-0.030718554638284032,0.0930222352609878,0.06646639138227109,0.10029271732497091
-0.06508753030684265,0.019304934156866568,0.25,0.04,0.4,9e-06,2.5e-05,6.0,2.0,SAC305,SAC305,7.942912275862215,-0.08721609690505847,0.04643971595592185,0.003099252970728446,0.32399564121883706
-0.08416994070151741,-0.20409653747315845,0.25,0.06,0.8,6e-06,2e-05,6.0,1.5,SAC305,SAC205,7.726136888298716,-0.04133025904727876,0.05166630589227791,0.010061591067754973,0.09960687235438659
-0.1412382260747252,-0.057511813117155586,0.75,0.04,0.4,9e-06,2e-05,3.0,1.5,SAC105,SAC405,8.171998714846769,-0.05862873446986334,0.02661110874651418,0.0,0.3283551548397661
-0.06503952814929621,-0.01915147699902312,0.25,0.04,0.4,9e-06,2e-05,6.0,1.5,SAC405,SAC105,9.079403120635439,-0.0893960198641297,0.06533919510240135,0.0,0.225709735709582
0.14538398377943235,-0.09830870116505297,0.25,0.06,0.4,3e-06,2.5e-05,9.0,2.0,SAC105,SAC105,4.344792576188099,-0.06184514964494798,0.08459325454638247,0.06264025733933501,0.18315819129367142
-0.14180068206923374,-0.029675613809607152,0.25,0.02,0.4,3e-06,2e-05,3.0,1.0,SAC405,SAC305,9.700138788315599,-0.0730720043456387,0.03521451433962368,0.00806298930005037,0.25467634499967146
-0.1764062853156426,-0.09100834198776492,0.75,0.06,0.4,6e-06,2e-05,3.0,1.5,SAC405,SAC405,10.197972561019883,-0.05927539755189218,0.03131626747465107,0.011037663972569483,0.1900982715951768
-0.03549259732911244,-0.04078064989875121,0.5,0.06,0.4,9e-06,2.5e-05,6.0,1.0,SAC205,SAC305,7.009811952516113,-0.07554093974121819,0.05998423429244628,0.0,0.3003057170515634
-0.0667929349443561,-0.18281403067752636,0.25,0.06,0.8,3e-06,2.5e-05,9.0,1.0,SAC305,SAC105,8.03218036662706,-0.033036999323138784,0.036379534481089756,0.06799258216862897,0.10994714534044986
-0.11301220968569382,-0.2750279474836426,0.75,0.06,0.8,3e-06,2e-05,3.0,1.0,SAC405,SAC405,9.093905437919869,-0.031181435774159834,0.0630665054040147,0.027819197360151912,0.09148192325085003
-0.17299364456598648,-0.16866489095636675,0.75,0.06,1.2,9e-06,2e-05,3.0,2.0,SAC405,SAC405,8.555877159360342,-0.0344473295603799,0.018393643669632607,0.015292086189254407,0.1787328883040597
