Cu-pillar pitch–diameter,Bulk silicon thickness,Bump solder height,Substrate core thickness,"Substrate core (E, CTE)","UF (E, CTE)",Lid foot width,lid thickness,Cu-pillar bump solder material,BGA solder material,DeltaW_BGA,DeltaW_bump
0.125,0.25,0.06,1.2,9e-06,2e-05,9,1.0,SAC305,SAC205,0.10263793915510203,0.0014623069728259006
0.125,0.25,0.02,1.2,6e-06,2e-05,9,1.0,SAC405,SAC205,0.23771640410025902,0.0141814530361444
0.125,0.5,0.04,0.8,3e-06,2e-05,9,2.0,SAC305,SAC205,0.33918127417564403,0.0858888849616043
0.125,0.5,0.06,0.4,3e-06,3e-05,6,1.0,SAC305,SAC405,0.28096111118793493,0.0019535019346221807
0.125,0.25,0.04,1.2,9e-06,3e-05,9,1.0,SAC205,SAC405,0.46158027648925803,0.011556263314560004
0.125,0.75,0.02,0.4,9e-06,3e-05,6,2.0,SAC105,SAC305,0.854602307081216,0.0010345463524572495
0.125,0.75,0.04,0.8,6e-06,3e-05,3,2.0,SAC305,SAC205,0.678340256214134,0.09195914119482029
0.125,0.75,0.04,1.2,6e-06,2.5e-05,9,1.0,SAC105,SAC305,0.244348213076591,0.0045508184994105996
0.125,0.25,0.02,0.8,6e-06,2e-05,9,1.5,SAC405,SAC305,0.305632943908374,0.005894678295589999
0.125,0.25,0.04,0.4,6e-06,2.5e-05,3,1.0,SAC305,SAC105,0.31267333775758704,0.004692542141128729
0.125,0.25,0.06,0.8,3e-06,2e-05,3,1.5,SAC205,SAC405,0.06107587367296301,0.014325906464364296
0.125,0.5,0.02,1.2,3e-06,3e-05,9,2.0,SAC205,SAC405,0.58718907833099,0.094348416663706
0.125,0.75,0.02,0.4,3e-06,3e-05,6,1.0,SAC405,SAC105,0.521414101123801,0.0192988515773323
0.125,0.25,0.06,1.2,3e-06,3e-05,9,1.0,SAC205,SAC405,0.14818073809146898,0.026044458732940305
0.125,0.25,0.06,0.8,6e-06,2e-05,9,1.5,SAC105,SAC205,0.138847600668669,0.008193607704015398
0.125,0.5,0.06,1.2,9e-06,2.5e-05,6,2.0,SAC205,SAC405,0.29986245930194805,0.011787708848714797
0.125,0.25,0.04,1.2,6e-06,3e-05,9,1.5,SAC305,SAC405,0.407129645347595,0.0415241420269013
0.125,0.25,0.06,1.2,9e-06,2e-05,6,1.0,SAC105,SAC305,0.16251440346240997,0.0015049606972752406
0.125,0.25,0.06,1.2,6e-06,2e-05,6,1.5,SAC205,SAC205,0.10395647957921003,0.026624455116689302
0.125,0.5,0.06,0.8,6e-06,3e-05,9,1.5,SAC405,SAC305,0.286538980901241,0.0058292362082284
0.125,0.5,0.06,1.2,3e-06,2e-05,6,1.5,SAC105,SAC105,0.072218134999275,0.0661683278158306
0.125,0.75,0.06,0.8,6e-06,2.5e-05,3,1.0,SAC205,SAC105,0.424785427749157,0.20301967393606898
0.125,0.5,0.02,0.8,3e-06,2e-05,9,2.0,SAC305,SAC105,0.291604230801265,0.06553705316036929
0.125,0.25,0.04,0.8,6e-06,2.5e-05,6,1.5,SAC305,SAC205,0.18366419523954397,0.006020678731147169
0.125,0.75,0.02,0.8,3e-06,3e-05,3,1.5,SAC405,SAC305,0.322993149360021,0.019290451222332198
0.125,0.5,0.04,0.8,3e-06,2e-05,3,1.0,SAC405,SAC405,0.23726508766412702,0.093144722282887
0.125,0.25,0.04,0.8,9e-06,2.5e-05,6,1.0,SAC405,SAC105,0.291906453669072,0.008068815368460502
0.125,0.5,0.02,0.4,3e-06,2.5e-05,3,1.5,SAC205,SAC205,0.958663851022713,0.12534990860149298
0.125,0.25,0.02,1.2,6e-06,3e-05,9,1.5,SAC105,SAC405,0.38466518372297304,0.007217755541205401
0.125,0.25,0.04,0.4,6e-06,2e-05,9,1.0,SAC405,SAC205,0.18430115655064602,0.007766116308630361
0.125,0.25,0.02,0.4,6e-06,2e-05,9,1.5,SAC205,SAC205,0.37969701985518195,0.0250677076401189
0.125,0.5,0.06,0.8,9e-06,3e-05,3,1.5,SAC105,SAC405,0.3269353508949279,0.0017877579957712407
0.125,0.75,0.06,1.2,6e-06,3e-05,9,1.5,SAC305,SAC105,0.242907255887985,0.0222725190687924
0.125,0.25,0.06,0.4,9e-06,3e-05,3,1.5,SAC305,SAC205,0.373572148382664,0.0022696272062603393
0.125,0.5,0.06,0.8,9e-06,3e-05,3,1.5,SAC105,SAC405,0.332309007644654,0.00104785947587515
0.125,0.5,0.06,0.4,3e-06,3e-05,3,2.0,SAC405,SAC205,0.35063012689352,0.0246358404983767
0.125,0.5,0.04,0.4,9e-06,2.5e-05,9,2.0,SAC205,SAC105,0.356127806007862,0.018677638756344102
0.125,0.25,0.06,0.4,3e-06,2e-05,3,1.0,SAC105,SAC305,0.0875957570970057,0.0137383606925141
0.125,0.75,0.06,1.2,9e-06,2.5e-05,6,1.0,SAC105,SAC205,0.37749635428190204,0.053926094435155
0.125,0.25,0.04,0.8,6e-06,2.5e-05,3,1.5,SAC205,SAC305,0.519148103892801,0.09489513933658601
0.125,0.5,0.06,0.4,3e-06,2.5e-05,3,1.5,SAC405,SAC305,0.22118902578949995,0.0132441730820574
0.125,0.25,0.02,0.8,6e-06,2e-05,9,2.0,SAC305,SAC305,0.322963034113248,0.0028947733226231797
0.125,0.75,0.06,0.8,6e-06,2.5e-05,9,2.0,SAC405,SAC405,0.310776174068451,0.0192754894960671
0.125,0.25,0.06,0.8,6e-06,3e-05,9,2.0,SAC405,SAC305,0.325251206755638,0.0205587215023115
0.125,0.25,0.04,0.4,3e-06,2.5e-05,6,2.0,SAC305,SAC105,0.197957959026098,0.1256461404263969
0.125,0.75,0.04,0.4,9e-06,2.5e-05,3,2.0,SAC405,SAC305,0.40072803944349294,0.0033225591760128598
0.125,0.5,0.04,0.8,9e-06,2e-05,3,2.0,SAC205,SAC405,0.33354136347770696,0.0076868228788953
0.125,0.75,0.04,0.4,3e-06,2e-05,3,2.0,SAC105,SAC205,0.247808743268251,0.0213879714719951
0.125,0.5,0.02,1.2,6e-06,2e-05,6,2.0,SAC305,SAC105,0.4801819622516631,0.09956167731434042
0.125,0.5,0.02,0.8,3e-06,2e-05,9,1.0,SAC405,SAC105,0.23632010817527793,0.028983228141442
0.125,0.25,0.06,0.8,3e-06,2.5e-05,6,1.0,SAC305,SAC405,0.10860165208578101,0.016765377309639003
0.125,0.5,0.06,0.4,9e-06,3e-05,3,2.0,SAC205,SAC405,0.379960551857948,0.0010835458684823598
0.125,0.75,0.04,1.2,3e-06,2.5e-05,6,2.0,SAC105,SAC105,0.204542804509402,0.12975622899830297
0.125,0.5,0.04,0.4,9e-06,2e-05,3,1.0,SAC105,SAC405,0.295155182480812,0.00081732826171788
0.125,0.5,0.06,1.2,6e-06,2.5e-05,3,2.0,SAC405,SAC205,0.18983848020434402,0.025354446377605196
0.125,0.25,0.02,0.8,9e-06,2e-05,3,2.0,SAC205,SAC405,0.468110938866933,0.0011911326810150097
0.125,0.75,0.04,0.8,3e-06,2e-05,9,1.5,SAC305,SAC305,0.14388425275683397,0.027564909774810104
0.125,0.75,0.04,0.4,6e-06,3e-05,9,1.5,SAC105,SAC105,0.401424050331116,0.019859922380419396
0.125,0.25,0.06,1.2,9e-06,2.5e-05,6,1.5,SAC105,SAC205,0.18284219503402702,0.00248880629806081
0.125,0.5,0.02,0.4,3e-06,2e-05,9,1.0,SAC405,SAC105,0.33297008772691106,0.018816806783434
0.125,0.5,0.02,0.8,9e-06,3e-05,9,2.0,SAC105,SAC205,0.7448600878318069,0.0055574292491655
0.125,0.5,0.02,1.2,6e-06,2.5e-05,6,1.5,SAC305,SAC305,0.33140388627847,0.006008563213981601
0.125,0.75,0.04,0.8,6e-06,3e-05,6,2.0,SAC205,SAC405,0.43245014548301697,0.010597971791867201
0.125,0.75,0.06,1.2,6e-06,2e-05,6,1.0,SAC205,SAC305,0.11222201213240601,0.00426416660775426
0.125,0.5,0.04,0.8,3e-06,2.5e-05,9,1.5,SAC105,SAC105,0.304117664694786,0.07620519539341261
0.125,0.25,0.04,0.4,6e-06,3e-05,9,2.0,SAC205,SAC205,0.36636195331811894,0.002839351560396609
0.125,0.25,0.04,1.2,3e-06,3e-05,6,1.0,SAC305,SAC405,0.13360893726348902,0.0274232605006546
0.125,0.25,0.06,0.4,9e-06,2.5e-05,9,1.5,SAC105,SAC105,0.285563498735428,0.0030298014462459798
0.125,0.25,0.02,0.8,9e-06,2.5e-05,9,1.5,SAC405,SAC405,0.4479608088731771,0.0014013830368639901
0.125,0.75,0.02,0.8,9e-06,3e-05,3,1.5,SAC205,SAC105,0.723430862029393,0.004058736980368851
0.125,0.25,0.02,0.8,9e-06,3e-05,9,2.0,SAC305,SAC305,0.503151009480158,0.0023531920160166893
0.125,0.5,0.02,0.8,9e-06,3e-05,3,2.0,SAC405,SAC405,0.4812221626440619,0.0018283597019035404
0.125,0.5,0.04,1.2,3e-06,3e-05,9,1.0,SAC105,SAC205,0.21803667396307003,0.0545797869563103
0.125,0.5,0.04,0.8,6e-06,2.5e-05,6,1.5,SAC305,SAC105,0.327747486531734,0.0356741187861189
0.125,0.5,0.06,1.2,6e-06,2.5e-05,3,1.0,SAC105,SAC305,0.182985063642264,0.0164662378374487
0.125,0.75,0.06,1.2,9e-06,2.5e-05,6,1.0,SAC105,SAC405,0.24718540161848,0.0042690985137597
0.125,0.25,0.06,0.4,3e-06,2e-05,9,1.5,SAC205,SAC405,0.13994808122515598,0.0037300023395800287
0.125,0.25,0.06,1.2,6e-06,2.5e-05,9,1.5,SAC105,SAC105,0.177666865289211,0.0132010777015239
0.125,0.75,0.06,0.8,3e-06,3e-05,6,1.5,SAC305,SAC205,0.4138418659567831,0.07449649600312071
0.125,0.75,0.06,1.2,3e-06,2.5e-05,6,2.0,SAC405,SAC405,0.15600952878594404,0.0669669974595301
0.125,0.75,0.06,1.2,6e-06,2e-05,9,1.5,SAC105,SAC205,0.129667643457651,0.0162603190401569
0.125,0.5,0.02,0.8,6e-06,2.5e-05,3,1.0,SAC105,SAC205,0.389991300801436,0.0028529852479550703
0.125,0.5,0.04,0.8,6e-06,3e-05,3,2.0,SAC105,SAC405,0.589539997279643,0.06454585399478618
0.125,0.75,0.04,0.4,6e-06,2.5e-05,6,1.5,SAC205,SAC105,0.31878544390201596,0.013976238231407501
0.125,0.75,0.02,0.4,3e-06,2e-05,6,1.5,SAC105,SAC205,0.721273521582283,0.0491284064482893
0.125,0.5,0.04,0.4,9e-06,2.5e-05,6,1.5,SAC305,SAC105,0.385802179574966,0.0021071991686767502
0.125,0.25,0.06,0.4,9e-06,2.5e-05,3,1.5,SAC405,SAC205,0.258655924350024,0.005162512083188591
0.125,0.25,0.04,0.4,6e-06,2.5e-05,3,1.0,SAC205,SAC305,0.29275158047676103,0.007521776264184099
0.125,0.5,0.04,1.2,9e-06,3e-05,9,1.0,SAC405,SAC105,0.346331551671028,0.00609792528484825
0.125,0.75,0.06,1.2,3e-06,3e-05,3,1.0,SAC105,SAC405,0.19100670889020002,0.0200698933913373
0.125,0.5,0.04,0.8,3e-06,2.5e-05,3,2.0,SAC105,SAC105,0.332695096731186,0.121184223797172
0.125,0.5,0.06,0.8,6e-06,2e-05,3,1.0,SAC305,SAC205,0.119977287948132,0.008150477282470012
0.125,0.75,0.06,0.8,6e-06,2e-05,6,1.5,SAC205,SAC305,0.324373722076416,0.0559828169643873
0.125,0.25,0.02,1.2,6e-06,2e-05,3,1.0,SAC305,SAC405,0.238996197779973,0.0046997163444758
0.125,0.5,0.06,1.2,3e-06,2e-05,3,2.0,SAC205,SAC205,0.082363991066814,0.06273977132514111
0.125,0.25,0.06,1.2,3e-06,2.5e-05,9,1.0,SAC205,SAC405,0.07548426277935502,0.0252804239280522
0.125,0.75,0.04,1.2,9e-06,3e-05,6,2.0,SAC205,SAC305,0.411758586764336,0.0014634336848757794
0.125,0.75,0.04,0.8,9e-06,3e-05,9,2.0,SAC105,SAC305,0.42342948168516104,0.0012842642390751297
0.125,0.25,0.04,0.4,6e-06,2e-05,3,2.0,SAC405,SAC305,0.19622776284813898,0.024208103539422203
0.125,0.5,0.06,1.2,6e-06,2.5e-05,6,1.0,SAC305,SAC405,0.24762262403965002,0.029652269557118402
0.125,0.75,0.02,0.8,6e-06,2e-05,9,2.0,SAC205,SAC205,0.519104654590289,0.0174636469455436
0.125,0.75,0.02,0.8,6e-06,2.5e-05,6,1.0,SAC205,SAC105,0.345179378986359,0.0078298012376763
0.125,0.5,0.06,1.2,3e-06,2.5e-05,6,2.0,SAC405,SAC305,0.08933591097593302,0.025489711901172996
0.125,0.25,0.02,1.2,3e-06,2.5e-05,3,1.0,SAC205,SAC105,0.8330091933409329,0.41570543870329896
0.125,0.5,0.06,0.4,3e-06,3e-05,3,2.0,SAC405,SAC305,0.35524699836969403,0.0177335614571347
0.125,0.75,0.02,0.4,9e-06,2.5e-05,9,1.5,SAC305,SAC305,0.7938685615857439,0.0009176053043802304
0.125,0.25,0.02,0.4,9e-06,2.5e-05,6,1.5,SAC305,SAC405,0.8270443181196789,0.0032637996773701205
0.125,0.5,0.06,0.8,3e-06,2e-05,9,1.0,SAC405,SAC305,0.062143381685017984,0.011857268284075
0.125,0.75,0.06,1.2,3e-06,3e-05,9,2.0,SAC105,SAC105,0.206845749169588,0.0419726520776749
0.125,0.25,0.02,1.2,3e-06,2.5e-05,9,1.0,SAC405,SAC205,0.4142723282178169,0.11316013615578399
0.125,0.75,0.06,0.4,6e-06,2e-05,3,2.0,SAC405,SAC405,0.22634243965148898,0.012312926934100705
0.125,0.75,0.02,1.2,9e-06,2e-05,9,1.5,SAC105,SAC305,0.439910014470418,0.0017087475689550003
0.125,0.75,0.02,0.4,6e-06,3e-05,3,1.5,SAC305,SAC405,1.2579803367455802,0.0475046571809799
0.125,0.5,0.06,0.8,9e-06,2e-05,3,2.0,SAC305,SAC405,0.131749346852302,0.0018791738548316
0.125,0.5,0.04,1.2,9e-06,3e-05,6,1.5,SAC305,SAC305,0.36750523000955604,0.0032047921558841196
0.125,0.5,0.02,0.8,9e-06,3e-05,9,2.0,SAC105,SAC305,0.6363000373045581,0.0014242484751321198
0.125,0.25,0.02,0.8,9e-06,2e-05,3,1.5,SAC105,SAC305,0.5089742938677471,0.004108893132070031
0.125,0.75,0.02,0.4,6e-06,2e-05,9,2.0,SAC405,SAC105,0.61086577177047,0.0156452420633287
0.125,0.5,0.06,1.2,9e-06,3e-05,9,2.0,SAC205,SAC405,0.39728507399558993,0.009198267711326497
0.125,0.25,0.04,0.8,9e-06,2e-05,6,1.5,SAC205,SAC105,0.284586802124977,0.0107952202961314
0.125,0.5,0.06,0.4,3e-06,2e-05,9,1.5,SAC105,SAC205,0.247228436172008,0.0289239556295798
0.125,0.5,0.04,1.2,3e-06,2.5e-05,9,1.5,SAC105,SAC205,0.18595385551452603,0.0676104496233157
0.125,0.75,0.06,0.8,3e-06,2e-05,3,1.5,SAC305,SAC305,0.09389145299792301,0.013878657075110802
0.125,0.5,0.02,1.2,9e-06,3e-05,9,2.0,SAC405,SAC305,0.9672624468803319,0.0260855781380087
0.125,0.75,0.06,0.8,6e-06,3e-05,3,1.0,SAC305,SAC205,0.263358548283577,0.00282628592321998
0.125,0.75,0.06,0.4,9e-06,3e-05,6,2.0,SAC205,SAC405,0.38204538077116007,0.0083498448948376
0.125,0.75,0.04,0.8,9e-06,2.5e-05,9,2.0,SAC405,SAC205,0.32144695520401007,0.0012666289203480102
0.125,0.5,0.02,0.4,6e-06,2e-05,3,1.0,SAC105,SAC205,0.505161677797635,0.0030903317601769205
0.125,0.75,0.04,0.4,9e-06,2e-05,9,1.0,SAC405,SAC405,0.19357721507549303,0.0024833566749293797
0.125,0.75,0.02,0.8,6e-06,2e-05,9,2.0,SAC105,SAC105,0.4364661226669951,0.0225808129180222
0.125,0.75,0.02,0.4,3e-06,3e-05,6,1.5,SAC305,SAC405,0.71742435296376,0.0049834501114674
0.125,0.75,0.04,1.2,3e-06,2.5e-05,9,1.5,SAC405,SAC205,0.133743301033973,0.0629771514795712
0.125,0.75,0.02,0.4,9e-06,2.5e-05,3,1.5,SAC405,SAC405,0.48317992687225403,0.0024739694345044
0.125,0.75,0.02,0.8,3e-06,2.5e-05,3,1.5,SAC205,SAC305,0.367590342958768,0.013480265159159902
0.125,0.75,0.06,0.8,6e-06,2.5e-05,9,1.5,SAC305,SAC305,0.22080850973725302,0.009741554706124601
0.125,0.25,0.06,0.8,6e-06,3e-05,6,1.5,SAC105,SAC105,0.279075387865305,0.009657482922193601
0.125,0.75,0.02,0.4,6e-06,2e-05,9,1.0,SAC105,SAC205,0.44355841974417404,0.009524816923658301
0.125,0.5,0.04,1.2,9e-06,3e-05,3,1.0,SAC205,SAC305,0.381940096616745,0.0013032051938353098
0.125,0.5,0.02,1.2,6e-06,2e-05,6,2.0,SAC305,SAC105,0.315769508481026,0.015280741616152203
0.125,0.5,0.04,0.8,3e-06,2.5e-05,3,2.0,SAC205,SAC205,0.484721451997757,0.209552859887481
0.125,0.5,0.06,1.2,3e-06,2e-05,9,1.5,SAC205,SAC405,0.09502555802464502,0.040156287606805396
0.125,0.75,0.04,1.2,9e-06,2e-05,6,2.0,SAC405,SAC205,0.216431774199009,0.0029524873025366105
0.125,0.5,0.04,0.8,3e-06,2.5e-05,9,2.0,SAC305,SAC305,0.20773173868656097,0.013003873755223997
0.125,0.25,0.04,1.2,9e-06,2e-05,9,1.5,SAC105,SAC305,0.262504644691944,0.006069745519198399
0.125,0.25,0.02,0.8,3e-06,2.5e-05,3,1.0,SAC405,SAC305,0.568784132599822,0.0777118252590299
0.125,0.5,0.02,0.8,9e-06,2.5e-05,9,2.0,SAC305,SAC405,0.5841924200455331,0.0029457771452143797
0.125,0.75,0.02,0.8,3e-06,2e-05,9,1.5,SAC305,SAC105,0.28214263916015697,0.0492946575395763
0.125,0.75,0.04,0.4,3e-06,2e-05,3,2.0,SAC105,SAC105,0.26433175802230796,0.030876230157446102
0.125,0.5,0.06,1.2,9e-06,3e-05,3,1.0,SAC405,SAC205,0.30287906527519204,0.006379057187587002
0.125,0.25,0.04,0.4,9e-06,2.5e-05,6,1.5,SAC105,SAC305,0.45021045207977295,0.00326181098353117
0.125,0.75,0.02,0.4,3e-06,2e-05,3,1.5,SAC305,SAC405,0.38767157991727197,0.007099692709743999
0.125,0.5,0.04,1.2,6e-06,3e-05,9,1.5,SAC305,SAC305,0.270460434257985,0.012579065747559098
0.125,0.75,0.04,0.4,3e-06,2e-05,3,1.0,SAC205,SAC405,0.161261130124331,0.0095426441403105
0.125,0.75,0.02,0.4,9e-06,2.5e-05,3,2.0,SAC305,SAC205,0.446008483568827,0.04240884166210889
0.125,0.75,0.02,0.8,6e-06,2e-05,3,2.0,SAC305,SAC105,0.38577621181806004,0.010156049858778701
0.125,0.75,0.02,1.2,6e-06,2e-05,3,1.0,SAC205,SAC105,0.29633920888105997,0.015123747405596102
0.125,0.25,0.02,1.2,6e-06,2.5e-05,9,2.0,SAC305,SAC105,0.32340008020400995,0.0367873338982463
0.125,0.75,0.04,0.4,9e-06,2e-05,6,2.0,SAC205,SAC105,0.31731089949607894,0.0197385207866319
0.125,0.25,0.04,0.8,6e-06,2e-05,6,2.0,SAC405,SAC105,0.163537841290235,0.014673893048893698
0.125,0.5,0.02,0.4,6e-06,3e-05,3,1.5,SAC205,SAC205,0.6263753871122941,0.0164635070541408
0.125,0.25,0.02,1.2,6e-06,3e-05,9,2.0,SAC305,SAC105,0.352454945445061,0.0164184437599033
0.125,0.75,0.06,1.2,6e-06,2.5e-05,6,1.0,SAC205,SAC205,0.286776699125767,0.05313433567062
0.125,0.75,0.02,1.2,9e-06,2e-05,9,2.0,SAC305,SAC205,0.396777212619782,0.0018268917920067898
0.125,0.5,0.04,0.4,9e-06,2.5e-05,6,1.5,SAC405,SAC105,0.348003558814526,0.010219149487966131
0.125,0.25,0.02,1.2,3e-06,2.5e-05,6,2.0,SAC405,SAC105,0.39541914562384295,0.192616324871779
0.125,0.5,0.02,0.8,9e-06,2.5e-05,3,1.5,SAC205,SAC205,0.444111282626788,0.0013001368251934695
0.125,0.75,0.04,0.4,6e-06,2e-05,6,2.0,SAC305,SAC405,0.23288330435752896,0.0036484093725448197
0.125,0.25,0.04,0.8,9e-06,2.5e-05,3,1.0,SAC105,SAC305,0.48044409602880506,0.05290566757321319
0.125,0.25,0.02,1.2,3e-06,3e-05,3,2.0,SAC105,SAC405,0.325206364194552,0.023576088715344605
0.125,0.25,0.02,1.2,9e-06,2e-05,3,1.0,SAC205,SAC405,0.26171228041251504,0.00151978064968716
0.125,0.75,0.02,0.8,9e-06,3e-05,6,2.0,SAC205,SAC305,0.734330316384633,0.0014744998243258998
0.125,0.5,0.04,0.4,3e-06,2.5e-05,3,1.5,SAC305,SAC105,0.538279093801975,0.1019635559059679
0.125,0.75,0.04,0.8,3e-06,3e-05,6,2.0,SAC405,SAC205,0.4564716294407839,0.0849524047225706
0.125,0.5,0.04,0.4,6e-06,2.5e-05,6,1.5,SAC205,SAC305,0.282799415290355,0.009575334435794499
0.125,0.5,0.06,1.2,3e-06,2e-05,6,1.0,SAC105,SAC405,0.08369444124400599,0.0222494527697563
0.125,0.75,0.04,1.2,6e-06,2e-05,9,2.0,SAC305,SAC105,0.355197124183178,0.120400176383555
0.125,0.5,0.02,1.2,6e-06,2e-05,6,2.0,SAC205,SAC305,0.31840827564398405,0.0218978730263188
0.125,0.5,0.02,0.4,6e-06,3e-05,9,2.0,SAC305,SAC405,1.038822134335829,0.005925990088144239
0.125,0.5,0.02,0.4,9e-06,3e-05,9,1.0,SAC105,SAC405,0.666726619005199,0.0037724920475738603
0.125,0.75,0.04,1.2,6e-06,2e-05,9,2.0,SAC305,SAC105,0.25786490738391904,0.08047166466712911
0.125,0.5,0.04,0.4,3e-06,2.5e-05,6,2.0,SAC405,SAC405,0.30668582767248204,0.018361339927651
0.125,0.75,0.02,0.4,9e-06,2.5e-05,6,1.0,SAC405,SAC205,0.70451190074284,0.0008928420784286599
0.125,0.5,0.02,0.4,3e-06,2.5e-05,9,1.5,SAC105,SAC405,0.531339233120282,0.00422550299845161
0.125,0.25,0.06,0.4,6e-06,3e-05,3,1.0,SAC305,SAC205,0.327106341719627,0.00226756334450329
0.125,0.5,0.04,0.8,3e-06,2e-05,3,1.0,SAC105,SAC305,0.157820019870997,0.012287486926652502
0.125,0.25,0.06,1.2,6e-06,2.5e-05,3,1.0,SAC405,SAC305,0.12497406080365198,0.0104040825972333
0.125,0.25,0.04,0.8,9e-06,2e-05,6,1.0,SAC205,SAC305,0.172747362405062,0.0011820959211945605
0.125,0.75,0.06,1.2,9e-06,3e-05,6,2.0,SAC305,SAC205,0.39488560706376996,0.00262093101082428
0.125,0.75,0.06,0.8,3e-06,3e-05,9,1.0,SAC405,SAC305,0.21893970668315899,0.011365572485374297
0.125,0.5,0.02,0.4,3e-06,2e-05,9,1.5,SAC405,SAC105,0.344987288117409,0.0404477547854185
0.125,0.25,0.04,1.2,9e-06,3e-05,6,1.0,SAC305,SAC405,0.30940286070108397,0.0013963356032036202
0.125,0.5,0.04,0.4,6e-06,2e-05,6,1.0,SAC405,SAC205,0.25549525022506697,0.006423070066375701
0.125,0.25,0.02,0.4,3e-06,3e-05,3,1.0,SAC105,SAC305,0.505952248970668,0.0045248563692439
0.125,0.25,0.04,0.4,6e-06,2.5e-05,3,1.0,SAC405,SAC405,0.25456491857767094,0.0024242727813543804
0.125,0.25,0.04,1.2,9e-06,3e-05,6,1.0,SAC305,SAC305,0.2745699360966691,0.00260348420124493
0.125,0.5,0.02,0.8,6e-06,2e-05,3,1.0,SAC305,SAC305,0.5964705993731759,0.03549116454087191
0.125,0.5,0.04,1.2,6e-06,2.5e-05,6,1.5,SAC405,SAC105,0.185448750853538,0.028928798623383004
0.125,0.75,0.02,1.2,6e-06,3e-05,9,1.0,SAC205,SAC105,0.3697366416454321,0.015227996511384899
0.125,0.25,0.04,1.2,6e-06,2.5e-05,3,1.0,SAC105,SAC105,0.168984591960907,0.00877762377785984
0.125,0.25,0.06,0.8,9e-06,3e-05,6,2.0,SAC105,SAC405,0.34960815310478194,0.0049947182124015
0.125,0.25,0.06,0.4,9e-06,3e-05,9,2.0,SAC205,SAC105,0.36109790951013593,0.00171596883956227
0.125,0.5,0.06,0.8,9e-06,3e-05,9,1.0,SAC305,SAC405,0.26775414496660305,0.0016228951898256102
0.125,0.75,0.02,1.2,3e-06,2e-05,6,2.0,SAC205,SAC105,0.16685375819603698,0.046025669202208505
0.125,0.5,0.06,0.4,3e-06,3e-05,3,1.5,SAC205,SAC205,0.41251301765441895,0.0444636372849346
0.125,0.25,0.04,0.4,3e-06,2.5e-05,3,2.0,SAC405,SAC205,0.280125759541988,0.034570156654808705
0.125,0.5,0.04,0.4,6e-06,2.5e-05,6,1.0,SAC405,SAC305,0.29651381075382205,0.008249263948528101
0.125,0.5,0.06,0.8,3e-06,3e-05,6,2.0,SAC205,SAC205,0.35799701511859905,0.0852814808022226
0.125,0.75,0.04,0.4,3e-06,2.5e-05,6,1.0,SAC105,SAC405,0.295208401978016,0.0036898158141411806
0.125,0.25,0.02,0.4,6e-06,2e-05,6,1.0,SAC205,SAC205,0.365336661537488,0.00679401945671994
0.125,0.75,0.04,1.2,3e-06,2.5e-05,6,1.0,SAC305,SAC305,0.13252238556742701,0.020479902101215003
0.125,0.75,0.02,1.2,6e-06,3e-05,3,1.5,SAC105,SAC305,0.56546175976594,0.005263253915472898
0.125,0.75,0.06,0.4,6e-06,3e-05,9,1.5,SAC405,SAC405,0.38439019769430105,0.0016508595144841794
0.125,0.75,0.04,0.4,6e-06,2.5e-05,9,1.5,SAC305,SAC205,0.354288935661316,0.002989489661558771
0.125,0.5,0.06,0.8,3e-06,3e-05,9,2.0,SAC205,SAC105,0.24418854713440002,0.0243662160355598
0.125,0.75,0.06,0.8,3e-06,2.5e-05,3,2.0,SAC405,SAC105,0.35146715492010094,0.249618496745825
0.125,0.5,0.04,0.4,6e-06,2.5e-05,6,1.5,SAC305,SAC205,0.34623341262340596,0.0033793371330830295
0.125,0.25,0.06,1.2,9e-06,3e-05,3,2.0,SAC105,SAC305,0.34947355836629895,0.014635612955316901
0.125,0.75,0.06,1.2,9e-06,2e-05,3,2.0,SAC405,SAC205,0.16486954316496902,0.013079975149594199
0.125,0.75,0.02,0.4,3e-06,3e-05,9,1.5,SAC205,SAC305,0.5975563923517789,0.023606922826729698
0.125,0.5,0.06,0.4,9e-06,2e-05,9,1.0,SAC205,SAC105,0.203426670283079,0.014662254310678701
0.125,0.75,0.04,0.8,9e-06,2e-05,3,2.0,SAC305,SAC305,0.257325857877731,0.0023471548920497394
0.125,0.25,0.04,0.8,3e-06,3e-05,3,2.0,SAC305,SAC405,0.175072260200978,0.033637774642556906
0.125,0.5,0.02,0.4,3e-06,2e-05,6,1.0,SAC105,SAC305,0.519087816278139,0.0171817592345178
0.125,0.25,0.04,0.4,9e-06,3e-05,6,1.0,SAC305,SAC105,0.435706578195095,0.00269574264530093
0.125,0.25,0.04,0.4,3e-06,2e-05,3,1.0,SAC305,SAC305,0.117396865040064,0.0132347999606282
0.125,0.75,0.06,1.2,3e-06,3e-05,3,2.0,SAC105,SAC305,0.222792252898216,0.024876849493011798
0.125,0.25,0.04,0.8,6e-06,2.5e-05,3,2.0,SAC205,SAC405,0.18305781111121203,0.006988688721321502
0.125,0.25,0.04,0.8,9e-06,2.5e-05,3,1.5,SAC205,SAC105,0.352641001343727,0.012717845791485102
0.125,0.25,0.06,1.2,9e-06,2.5e-05,6,1.0,SAC205,SAC305,0.176056817173958,0.00125804274421171
0.125,0.75,0.02,0.8,6e-06,2.5e-05,9,1.0,SAC405,SAC105,0.45732159912586196,0.0105762018647511
0.125,0.75,0.04,1.2,3e-06,2e-05,3,1.0,SAC205,SAC205,0.114027708768844,0.0512555078603327
0.125,0.25,0.02,1.2,6e-06,2.5e-05,9,1.5,SAC105,SAC105,0.6051443914572361,0.09045297466218451
0.125,0.25,0.02,0.8,9e-06,3e-05,9,1.5,SAC405,SAC405,0.645748794078821,0.00145487325789873
0.125,0.5,0.06,0.8,6e-06,2.5e-05,6,1.5,SAC205,SAC205,0.218501534312964,0.008840765716740901
0.125,0.75,0.06,1.2,3e-06,2.5e-05,6,1.0,SAC405,SAC105,0.22645021229982404,0.17332717124372699
0.125,0.75,0.02,0.8,6e-06,2e-05,6,1.5,SAC105,SAC305,0.819473812977465,0.055764959193766006
0.125,0.25,0.06,1.2,6e-06,2e-05,3,1.5,SAC205,SAC205,0.09934956766664899,0.019831456011161198
0.125,0.75,0.02,1.2,6e-06,2.5e-05,9,1.5,SAC105,SAC305,0.40641034642855306,0.0103384508402086
0.125,0.75,0.06,0.8,3e-06,2.5e-05,6,1.0,SAC205,SAC205,0.18225789815187501,0.0233859881409444
0.125,0.75,0.06,0.4,9e-06,2e-05,6,1.0,SAC405,SAC305,0.16774219274520902,0.0064309909357689096
0.125,0.25,0.06,0.8,9e-06,2.5e-05,6,2.0,SAC205,SAC105,0.22297428920865003,0.0056751923984847095
0.125,0.25,0.06,1.2,9e-06,2.5e-05,6,1.5,SAC205,SAC105,0.23577113449573497,0.00631809381957281
0.125,0.75,0.06,1.2,3e-06,2e-05,9,2.0,SAC405,SAC305,0.10372780263423897,0.0731305088847867
0.125,0.75,0.04,0.8,6e-06,2e-05,6,1.0,SAC105,SAC405,0.38733521848917,0.051901251077651284
0.125,0.25,0.04,0.4,9e-06,2.5e-05,6,1.0,SAC405,SAC405,0.31424634903669396,0.0006699327037722499
0.125,0.75,0.06,0.4,9e-06,3e-05,9,1.0,SAC105,SAC405,0.32016864418983504,0.004386606975458491
0.125,0.25,0.06,0.4,3e-06,2.5e-05,6,2.0,SAC405,SAC105,0.22180834785103803,0.016292237356537904
0.125,0.25,0.04,0.8,9e-06,2e-05,6,1.5,SAC405,SAC205,0.16183117404580102,0.00133325745082402
0.125,0.5,0.04,0.8,9e-06,3e-05,3,1.5,SAC405,SAC305,0.479950293898582,0.007253894698806102
0.125,0.75,0.02,0.4,3e-06,2e-05,9,1.5,SAC105,SAC105,0.71013092497984,0.0363242668681778
0.125,0.75,0.04,0.8,3e-06,2e-05,6,1.5,SAC105,SAC105,0.181702129542828,0.024161528097465603
0.125,0.5,0.06,1.2,6e-06,3e-05,6,1.5,SAC205,SAC405,0.273562170565128,0.0093427423853427
0.125,0.75,0.02,0.8,9e-06,3e-05,9,2.0,SAC205,SAC305,0.7925378233194269,0.00330775682232334
0.125,0.5,0.02,0.4,3e-06,2e-05,6,2.0,SAC305,SAC405,0.5096204926570171,0.007478372775949498
0.125,0.5,0.02,0.8,6e-06,2e-05,3,1.0,SAC205,SAC405,0.348291551073393,0.0022772065130993707
0.125,0.25,0.06,1.2,3e-06,2.5e-05,9,2.0,SAC305,SAC205,0.08247724547982202,0.06561973737552709
0.125,0.5,0.04,1.2,6e-06,3e-05,9,2.0,SAC305,SAC305,0.267213709652424,0.0050658034451772
0.125,0.75,0.02,0.4,3e-06,3e-05,9,1.5,SAC105,SAC105,0.8911643723646799,0.0381737070856616
0.125,0.25,0.02,1.2,9e-06,2e-05,9,1.5,SAC305,SAC105,0.434949457645416,0.0143930237973109
0.125,0.25,0.02,0.8,6e-06,3e-05,6,2.0,SAC305,SAC305,0.710345556338624,0.023410603869706406
0.125,0.25,0.06,1.2,6e-06,2e-05,6,2.0,SAC205,SAC105,0.16588114947080598,0.08743015676736761
0.125,0.5,0.04,0.8,3e-06,3e-05,9,1.5,SAC405,SAC305,0.21255400031805,0.0124873615859542
0.125,0.75,0.06,0.4,6e-06,2.5e-05,6,1.0,SAC105,SAC205,0.382623165845871,0.0214275314938277
0.125,0.75,0.02,0.4,3e-06,2.5e-05,3,2.0,SAC305,SAC305,0.6630406081676389,0.010756295116152599
0.125,0.5,0.04,1.2,3e-06,2.5e-05,6,1.0,SAC405,SAC405,0.11136898770928397,0.028865810483694097
0.125,0.25,0.02,0.8,3e-06,3e-05,6,1.0,SAC105,SAC205,0.386873406668504,0.014124399807769802
0.125,0.75,0.04,0.8,9e-06,3e-05,9,1.5,SAC405,SAC205,0.5950498282909349,0.0167380829807371
0.125,0.25,0.02,1.2,9e-06,3e-05,3,1.5,SAC305,SAC205,1.15960197647413,0.0767641365528098
0.125,0.25,0.04,0.4,9e-06,2e-05,9,1.5,SAC305,SAC405,0.28390850871801404,0.00070203009414627
0.125,0.25,0.02,0.8,3e-06,2.5e-05,3,1.5,SAC305,SAC205,0.30628205835819294,0.016313962405547503
0.125,0.5,0.06,1.2,9e-06,3e-05,3,1.0,SAC105,SAC305,0.36465322971344,0.014750713715329801
0.125,0.25,0.04,1.2,6e-06,2e-05,3,1.5,SAC205,SAC405,0.284111820161342,0.0447490103542805
0.125,0.25,0.06,0.8,3e-06,2e-05,6,1.0,SAC205,SAC305,0.08316782116889998,0.010439809237141199
0.125,0.5,0.04,0.4,6e-06,2e-05,9,1.5,SAC105,SAC105,0.25196877494454406,0.020173972094198703
0.125,0.5,0.06,0.4,9e-06,2.5e-05,6,2.0,SAC405,SAC205,0.31488036364316996,0.0136467241245555
0.125,0.5,0.02,1.2,6e-06,2e-05,3,1.0,SAC205,SAC405,0.32503001391887704,0.0080433097900823
0.125,0.25,0.04,0.4,9e-06,3e-05,3,1.0,SAC105,SAC105,0.412566021084785,0.001470382365369
0.125,0.25,0.02,0.4,6e-06,2e-05,3,1.5,SAC105,SAC205,0.48927479485670705,0.016966562427114702
0.125,0.5,0.06,0.8,9e-06,2.5e-05,3,2.0,SAC205,SAC205,0.42250350862741504,0.0314266654895618
0.125,0.75,0.06,0.4,3e-06,3e-05,6,1.0,SAC405,SAC405,0.30146694928407597,0.0039062909199856
0.125,0.25,0.02,0.4,6e-06,3e-05,3,1.0,SAC205,SAC205,0.538834954301507,0.0060470086900749394
0.125,0.25,0.04,1.2,9e-06,3e-05,6,1.0,SAC105,SAC205,0.33327184617519395,0.0022385260608643893
0.125,0.25,0.02,1.2,9e-06,3e-05,6,1.5,SAC105,SAC205,0.6487671583890869,0.013136751251295202
0.125,0.25,0.06,0.4,9e-06,2.5e-05,9,1.0,SAC105,SAC105,0.21930760517716402,0.00818956164584961
0.125,0.5,0.04,0.8,9e-06,2.5e-05,9,1.5,SAC105,SAC105,0.32751305401325204,0.005552356029511391
0.125,0.25,0.02,0.8,9e-06,2.5e-05,6,1.0,SAC405,SAC405,0.295880397160848,0.0018532157982917904
0.125,0.25,0.02,0.4,3e-06,2e-05,9,2.0,SAC405,SAC105,0.52102131644884,0.0354579540435225
0.125,0.75,0.02,0.4,6e-06,3e-05,9,1.0,SAC405,SAC305,0.616872658332183,0.0089915902353823
0.125,0.75,0.06,1.2,9e-06,3e-05,3,1.0,SAC305,SAC205,0.254518926143646,0.007220890664029799
0.125,0.5,0.02,1.2,9e-06,3e-05,6,2.0,SAC105,SAC105,0.8806207974751711,0.075707164127379
0.125,0.5,0.06,0.4,6e-06,3e-05,6,2.0,SAC405,SAC205,0.371995188295841,0.0031034766143420694
0.125,0.5,0.06,0.8,3e-06,3e-05,6,2.0,SAC205,SAC405,0.27499801665544604,0.0364216336747631
0.125,0.5,0.02,1.2,9e-06,2.5e-05,6,1.0,SAC305,SAC405,0.9334621032078971,0.0305512179620564
0.125,0.5,0.04,1.2,9e-06,3e-05,3,1.0,SAC405,SAC105,0.325229704380036,0.0046242489625001005
0.125,0.25,0.04,0.4,9e-06,3e-05,9,1.5,SAC405,SAC205,0.30132792890071897,0.016196616634260797
0.125,0.75,0.02,0.8,3e-06,2e-05,3,1.5,SAC305,SAC405,0.574258873860041,0.104895373340696
0.125,0.5,0.04,0.8,3e-06,2e-05,3,2.0,SAC305,SAC405,0.17638789117336298,0.0373881281120703
0.125,0.75,0.06,0.4,3e-06,2.5e-05,3,2.0,SAC405,SAC105,0.250414855778217,0.026567598630208602
0.125,0.5,0.02,0.4,3e-06,2e-05,3,1.0,SAC205,SAC105,0.27497042715549497,0.0259580606361851
0.125,0.25,0.06,0.4,3e-06,3e-05,6,1.5,SAC405,SAC305,0.321978658437729,0.0190128735266626
